player_id,player_name,position,team,opponent_team,week,sacks,interceptions,fum_recoveries,safeties,def_tds,fum_rec_tds,st_tds,total_dst_tds,blocked_fg,blocked_pat,blocked_punt,total_blocked_kicks,points_allowed,pa_score,fantasy_points,fantasy_points_ppr
ARI_DST,ARI DST,DST,ARI,NO,1,1.0,0,0,0,0,0,0,0,0.0,0.0,0.0,0.0,13,4,5.0,5.0
ARI_DST,ARI DST,DST,ARI,CAR,2,3.0,1,1,0,0,1,0,1,0.0,0.0,0.0,0.0,22,0,13.0,13.0
ARI_DST,ARI DST,DST,ARI,SF,3,1.0,1,0,0,0,0,0,0,0.0,0.0,0.0,0.0,16,1,4.0,4.0
ARI_DST,ARI DST,DST,ARI,SEA,4,3.0,0,1,0,0,0,0,0,0.0,0.0,0.0,0.0,23,0,5.0,5.0
ARI_DST,ARI DST,DST,ARI,TEN,5,2.0,1,1,0,0,0,0,0,0.0,0.0,0.0,0.0,22,0,6.0,6.0
ARI_DST,ARI DST,DST,ARI,IND,6,1.0,1,0,0,0,0,0,0,0.0,0.0,0.0,0.0,31,-1,2.0,2.0
ARI_DST,ARI DST,DST,ARI,GB,7,1.0,0,0,0,0,0,0,0,0.0,0.0,0.0,0.0,27,0,1.0,1.0
ARI_DST,ARI DST,DST,ARI,DAL,9,5.0,1,2,0,0,0,0,0,0.0,0.0,0.0,0.0,17,1,12.0,12.0
ARI_DST,ARI DST,DST,ARI,SEA,10,1.0,1,2,0,0,0,0,0,0.0,0.0,0.0,0.0,44,-4,3.0,3.0
ARI_DST,ARI DST,DST,ARI,SF,11,1.0,0,0,0,0,0,0,0,0.0,1.0,0.0,1.0,41,-4,-1.0,-1.0
ARI_DST,ARI DST,DST,ARI,JAX,12,3.0,3,1,0,0,1,0,1,0.0,0.0,0.0,0.0,27,0,17.0,17.0
ARI_DST,ARI DST,DST,ARI,TB,13,2.0,0,0,0,0,0,0,0,0.0,0.0,0.0,0.0,20,1,3.0,3.0
ARI_DST,ARI DST,DST,ARI,LA,14,0.0,0,0,0,0,0,0,0,0.0,0.0,0.0,0.0,45,-4,-4.0,-4.0
ARI_DST,ARI DST,DST,ARI,HOU,15,1.0,0,0,0,0,0,0,0,1.0,0.0,0.0,1.0,40,-4,-1.0,-1.0
ARI_DST,ARI DST,DST,ARI,ATL,16,1.0,1,1,0,0,0,0,0,0.0,1.0,0.0,1.0,26,0,7.0,7.0
ARI_DST,ARI DST,DST,ARI,CIN,17,3.0,0,0,0,0,0,0,0,0.0,0.0,0.0,0.0,37,-4,-1.0,-1.0
ATL_DST,ATL DST,DST,ATL,TB,1,1.0,0,0,0,0,0,0,0,0.0,0.0,0.0,0.0,23,0,1.0,1.0
ATL_DST,ATL DST,DST,ATL,MIN,2,6.0,2,2,0,0,0,0,0,0.0,0.0,0.0,0.0,6,7,21.0,21.0
ATL_DST,ATL DST,DST,ATL,CAR,3,1.0,0,1,0,0,0,0,0,0.0,0.0,0.0,0.0,30,-1,2.0,2.0
ATL_DST,ATL DST,DST,ATL,WAS,4,2.0,1,0,0,0,0,0,0,0.0,0.0,0.0,0.0,27,0,4.0,4.0
ATL_DST,ATL DST,DST,ATL,BUF,6,4.0,2,0,0,0,0,0,0,0.0,0.0,0.0,0.0,14,1,9.0,9.0
ATL_DST,ATL DST,DST,ATL,SF,7,1.0,1,0,0,0,0,0,0,0.0,0.0,0.0,0.0,20,1,4.0,4.0
ATL_DST,ATL DST,DST,ATL,MIA,8,1.0,0,0,0,0,0,0,0,0.0,0.0,0.0,0.0,34,-1,0.0,0.0
ATL_DST,ATL DST,DST,ATL,NE,9,6.0,1,1,0,0,0,0,0,0.0,0.0,0.0,0.0,24,0,10.0,10.0
ATL_DST,ATL DST,DST,ATL,IND,10,7.0,1,1,0,0,0,0,0,0.0,0.0,0.0,0.0,31,-1,10.0,10.0
ATL_DST,ATL DST,DST,ATL,CAR,11,5.0,0,0,0,0,0,0,0,0.0,0.0,0.0,0.0,30,-1,4.0,4.0
ATL_DST,ATL DST,DST,ATL,NO,12,5.0,1,1,0,0,0,0,0,0.0,0.0,0.0,0.0,10,4,13.0,13.0
ATL_DST,ATL DST,DST,ATL,NYJ,13,2.0,0,0,0,0,0,0,0,0.0,0.0,0.0,0.0,27,0,2.0,2.0
ATL_DST,ATL DST,DST,ATL,SEA,14,2.0,1,0,0,0,0,0,0,0.0,0.0,0.0,0.0,37,-4,0.0,0.0
ATL_DST,ATL DST,DST,ATL,TB,15,5.0,1,0,0,0,0,0,0,0.0,0.0,0.0,0.0,28,-1,6.0,6.0
ATL_DST,ATL DST,DST,ATL,ARI,16,2.0,1,0,0,0,0,0,0,0.0,0.0,0.0,0.0,19,1,5.0,5.0
ATL_DST,ATL DST,DST,ATL,LA,17,3.0,3,0,0,1,0,0,1,0.0,0.0,0.0,0.0,24,0,15.0,15.0
BAL_DST,BAL DST,DST,BAL,BUF,1,1.0,0,0,0,0,0,0,0,0.0,0.0,0.0,0.0,41,-4,-3.0,-3.0
BAL_DST,BAL DST,DST,BAL,CLE,2,2.0,1,1,0,0,1,0,1,0.0,0.0,1.0,1.0,17,1,15.0,15.0
BAL_DST,BAL DST,DST,BAL,DET,3,0.0,0,0,0,0,0,0,0,0.0,0.0,0.0,0.0,38,-4,-4.0,-4.0
BAL_DST,BAL DST,DST,BAL,KC,4,1.0,0,0,0,0,0,0,0,0.0,0.0,0.0,0.0,37,-4,-3.0,-3.0
BAL_DST,BAL DST,DST,BAL,HOU,5,2.0,0,0,0,0,0,0,0,0.0,0.0,0.0,0.0,44,-4,-2.0,-2.0
BAL_DST,BAL DST,DST,BAL,LA,6,2.0,0,1,0,0,0,0,0,0.0,0.0,0.0,0.0,17,1,5.0,5.0
BAL_DST,BAL DST,DST,BAL,CHI,8,1.0,1,0,0,0,0,0,0,0.0,0.0,0.0,0.0,16,1,4.0,4.0
BAL_DST,BAL DST,DST,BAL,MIA,9,2.0,1,2,0,0,0,0,0,0.0,0.0,0.0,0.0,6,7,15.0,15.0
BAL_DST,BAL DST,DST,BAL,MIN,10,1.0,2,1,0,0,0,0,0,0.0,0.0,0.0,0.0,19,1,8.0,8.0
BAL_DST,BAL DST,DST,BAL,CLE,11,3.0,1,0,0,0,0,0,0,0.0,0.0,0.0,0.0,16,1,6.0,6.0
BAL_DST,BAL DST,DST,BAL,NYJ,12,3.0,1,1,0,0,0,0,0,0.0,0.0,0.0,0.0,10,4,11.0,11.0
BAL_DST,BAL DST,DST,BAL,CIN,13,1.0,0,1,0,0,0,0,0,0.0,0.0,0.0,0.0,32,-1,2.0,2.0
BAL_DST,BAL DST,DST,BAL,PIT,14,0.0,0,0,0,0,0,0,0,0.0,0.0,0.0,0.0,27,0,0.0,0.0
BAL_DST,BAL DST,DST,BAL,CIN,15,3.0,2,0,0,1,0,0,1,0.0,0.0,0.0,0.0,0,10,23.0,23.0
BAL_DST,BAL DST,DST,BAL,NE,16,3.0,1,1,0,0,0,0,0,0.0,0.0,0.0,0.0,28,-1,6.0,6.0
BAL_DST,BAL DST,DST,BAL,GB,17,2.0,1,1,0,0,0,0,0,0.0,0.0,0.0,0.0,24,0,6.0,6.0
BUF_DST,BUF DST,DST,BUF,BAL,1,2.0,0,1,0,0,0,0,0,0.0,0.0,0.0,0.0,40,-4,0.0,0.0
BUF_DST,BUF DST,DST,BUF,NYJ,2,4.0,0,1,0,0,0,0,0,0.0,0.0,0.0,0.0,10,4,10.0,10.0
BUF_DST,BUF DST,DST,BUF,MIA,3,0.0,1,0,0,0,0,0,0,0.0,0.0,0.0,0.0,21,0,2.0,2.0
BUF_DST,BUF DST,DST,BUF,NO,4,3.0,1,0,0,0,0,0,0,0.0,0.0,0.0,0.0,19,1,6.0,6.0
BUF_DST,BUF DST,DST,BUF,NE,5,4.0,0,1,0,0,0,0,0,0.0,0.0,0.0,0.0,23,0,6.0,6.0
BUF_DST,BUF DST,DST,BUF,ATL,6,2.0,0,0,0,0,0,0,0,1.0,0.0,0.0,1.0,24,0,4.0,4.0
BUF_DST,BUF DST,DST,BUF,CAR,8,7.0,1,2,0,0,0,0,0,0.0,0.0,0.0,0.0,9,4,17.0,17.0
BUF_DST,BUF DST,DST,BUF,KC,9,3.0,1,0,0,0,0,0,0,0.0,0.0,0.0,0.0,21,0,5.0,5.0
BUF_DST,BUF DST,DST,BUF,MIA,10,0.0,2,0,0,0,0,0,0,0.0,0.0,0.0,0.0,30,-1,3.0,3.0
BUF_DST,BUF DST,DST,BUF,TB,11,1.0,1,1,0,0,0,0,0,0.0,0.0,0.0,0.0,32,-1,4.0,4.0
BUF_DST,BUF DST,DST,BUF,HOU,12,0.0,0,0,0,0,0,1,1,0.0,0.0,0.0,0.0,23,0,6.0,6.0
BUF_DST,BUF DST,DST,BUF,PIT,13,1.0,1,1,0,0,1,0,1,0.0,0.0,0.0,0.0,7,4,15.0,15.0
BUF_DST,BUF DST,DST,BUF,CIN,14,1.0,2,0,0,1,0,0,1,0.0,0.0,0.0,0.0,34,-1,10.0,10.0
BUF_DST,BUF DST,DST,BUF,NE,15,3.0,1,0,0,0,0,0,0,0.0,0.0,0.0,0.0,31,-1,4.0,4.0
BUF_DST,BUF DST,DST,BUF,CLE,16,3.0,2,0,0,0,0,0,0,0.0,0.0,0.0,0.0,20,1,8.0,8.0
BUF_DST,BUF DST,DST,BUF,PHI,17,1.0,0,0,0,0,0,0,0,0.0,0.0,0.0,0.0,13,4,5.0,5.0
CAR_DST,CAR DST,DST,CAR,JAX,1,0.0,1,0,0,0,0,0,0,0.0,0.0,0.0,0.0,26,0,2.0,2.0
CAR_DST,CAR DST,DST,CAR,ARI,2,1.0,1,0,0,0,0,0,0,0.0,0.0,0.0,0.0,27,0,3.0,3.0
CAR_DST,CAR DST,DST,CAR,ATL,3,0.0,2,1,0,1,0,0,1,0.0,0.0,0.0,0.0,0,10,22.0,22.0
CAR_DST,CAR DST,DST,CAR,NE,4,1.0,0,0,0,0,0,0,0,0.0,0.0,0.0,0.0,42,-4,-3.0,-3.0
CAR_DST,CAR DST,DST,CAR,MIA,5,3.0,0,0,0,0,0,0,0,0.0,0.0,0.0,0.0,24,0,3.0,3.0
CAR_DST,CAR DST,DST,CAR,DAL,6,0.0,0,0,0,0,0,0,0,0.0,0.0,0.0,0.0,27,0,0.0,0.0
CAR_DST,CAR DST,DST,CAR,NYJ,7,6.0,2,0,0,0,0,0,0,0.0,0.0,0.0,0.0,6,7,17.0,17.0
CAR_DST,CAR DST,DST,CAR,BUF,8,2.0,0,0,0,0,0,0,0,0.0,0.0,0.0,0.0,40,-4,-2.0,-2.0
CAR_DST,CAR DST,DST,CAR,GB,9,1.0,1,1,0,0,0,0,0,0.0,0.0,0.0,0.0,13,4,9.0,9.0
CAR_DST,CAR DST,DST,CAR,NO,10,2.0,0,1,0,0,0,0,0,0.0,0.0,0.0,0.0,17,1,5.0,5.0
CAR_DST,CAR DST,DST,CAR,ATL,11,0.0,0,1,0,0,0,0,0,0.0,0.0,0.0,0.0,27,0,2.0,2.0
CAR_DST,CAR DST,DST,CAR,SF,12,0.0,3,0,0,0,0,0,0,0.0,0.0,0.0,0.0,20,1,7.0,7.0
CAR_DST,CAR DST,DST,CAR,LA,13,2.0,2,1,0,1,0,0,1,0.0,0.0,0.0,0.0,28,-1,13.0,13.0
CAR_DST,CAR DST,DST,CAR,NO,15,5.0,0,0,0,0,0,0,0,0.0,0.0,0.0,0.0,20,1,6.0,6.0
CAR_DST,CAR DST,DST,CAR,TB,16,2.0,1,0,0,0,0,0,0,0.0,0.0,0.0,0.0,20,1,5.0,5.0
CAR_DST,CAR DST,DST,CAR,SEA,17,3.0,1,1,0,0,0,0,0,0.0,0.0,0.0,0.0,27,0,7.0,7.0
CHI_DST,CHI DST,DST,CHI,MIN,1,3.0,1,0,0,1,0,0,1,0.0,0.0,0.0,0.0,27,0,11.0,11.0
CHI_DST,CHI DST,DST,CHI,DET,2,0.0,0,0,0,0,0,0,0,0.0,0.0,0.0,0.0,52,-4,-4.0,-4.0
CHI_DST,CHI DST,DST,CHI,DAL,3,2.0,3,1,0,0,0,0,0,0.0,0.0,0.0,0.0,14,1,11.0,11.0
CHI_DST,CHI DST,DST,CHI,LV,4,0.0,3,1,0,0,0,0,0,1.0,0.0,1.0,2.0,24,0,12.0,12.0
CHI_DST,CHI DST,DST,CHI,WAS,6,3.0,1,2,0,0,0,0,0,0.0,0.0,0.0,0.0,24,0,9.0,9.0
CHI_DST,CHI DST,DST,CHI,NO,7,4.0,3,1,0,0,0,0,0,0.0,0.0,0.0,0.0,14,1,13.0,13.0
CHI_DST,CHI DST,DST,CHI,BAL,8,2.0,0,0,0,0,0,0,0,0.0,0.0,0.0,0.0,30,-1,1.0,1.0
CHI_DST,CHI DST,DST,CHI,CIN,9,3.0,2,1,0,0,0,0,0,0.0,0.0,0.0,0.0,42,-4,5.0,5.0
CHI_DST,CHI DST,DST,CHI,NYG,10,4.0,0,1,0,0,0,0,0,0.0,0.0,0.0,0.0,20,1,7.0,7.0
CHI_DST,CHI DST,DST,CHI,MIN,11,0.0,2,0,0,0,0,0,0,0.0,0.0,0.0,0.0,17,1,5.0,5.0
CHI_DST,CHI DST,DST,CHI,PIT,12,2.0,1,1,0,0,0,0,0,0.0,0.0,0.0,0.0,28,-1,5.0,5.0
CHI_DST,CHI DST,DST,CHI,PHI,13,0.0,1,1,0,0,0,0,0,0.0,0.0,0.0,0.0,15,1,5.0,5.0
CHI_DST,CHI DST,DST,CHI,GB,14,1.0,1,0,0,0,0,0,0,0.0,0.0,0.0,0.0,28,-1,2.0,2.0
CHI_DST,CHI DST,DST,CHI,CLE,15,5.0,3,0,0,0,0,0,0,0.0,0.0,0.0,0.0,3,7,18.0,18.0
CHI_DST,CHI DST,DST,CHI,GB,16,2.0,0,1,0,0,0,0,0,0.0,0.0,0.0,0.0,16,1,5.0,5.0
CHI_DST,CHI DST,DST,CHI,SF,17,1.0,1,0,0,1,0,0,1,0.0,0.0,0.0,0.0,42,-4,5.0,5.0
CIN_DST,CIN DST,DST,CIN,CLE,1,2.0,2,0,0,0,0,0,0,0.0,0.0,0.0,0.0,16,1,7.0,7.0
CIN_DST,CIN DST,DST,CIN,JAX,2,1.0,2,0,0,0,0,0,0,0.0,0.0,0.0,0.0,27,0,5.0,5.0
CIN_DST,CIN DST,DST,CIN,MIN,3,3.0,0,0,0,0,0,0,0,0.0,0.0,0.0,0.0,48,-4,-1.0,-1.0
CIN_DST,CIN DST,DST,CIN,DEN,4,0.0,1,0,0,0,0,0,0,0.0,0.0,0.0,0.0,28,-1,1.0,1.0
CIN_DST,CIN DST,DST,CIN,DET,5,4.0,0,1,0,0,0,0,0,0.0,0.0,0.0,0.0,37,-4,2.0,2.0
CIN_DST,CIN DST,DST,CIN,GB,6,1.0,1,0,0,0,0,0,0,0.0,0.0,0.0,0.0,27,0,3.0,3.0
CIN_DST,CIN DST,DST,CIN,PIT,7,0.0,2,0,0,0,0,0,0,0.0,0.0,0.0,0.0,31,-1,3.0,3.0
CIN_DST,CIN DST,DST,CIN,NYJ,8,0.0,0,0,0,0,0,0,0,0.0,0.0,0.0,0.0,39,-4,-4.0,-4.0
CIN_DST,CIN DST,DST,CIN,CHI,9,2.0,0,0,0,0,0,1,1,1.0,0.0,0.0,1.0,47,-4,6.0,6.0
CIN_DST,CIN DST,DST,CIN,PIT,11,1.0,0,0,0,0,0,0,0,0.0,0.0,0.0,0.0,34,-1,0.0,0.0
CIN_DST,CIN DST,DST,CIN,NE,12,1.0,1,0,0,1,0,0,1,0.0,0.0,0.0,0.0,26,0,9.0,9.0
CIN_DST,CIN DST,DST,CIN,BAL,13,2.0,1,3,0,0,0,0,0,0.0,0.0,0.0,0.0,14,1,11.0,11.0
CIN_DST,CIN DST,DST,CIN,BUF,14,3.0,0,1,0,0,0,0,0,0.0,0.0,0.0,0.0,39,-4,1.0,1.0
CIN_DST,CIN DST,DST,CIN,BAL,15,4.0,1,0,0,0,0,0,0,0.0,0.0,0.0,0.0,24,0,6.0,6.0
CIN_DST,CIN DST,DST,CIN,MIA,16,0.0,2,1,0,0,0,0,0,0.0,0.0,0.0,0.0,21,0,6.0,6.0
CIN_DST,CIN DST,DST,CIN,ARI,17,4.0,0,0,0,0,0,0,0,0.0,0.0,0.0,0.0,14,1,5.0,5.0
CLE_DST,CLE DST,DST,CLE,CIN,1,3.0,0,0,0,0,0,0,0,0.0,0.0,0.0,0.0,17,1,4.0,4.0
CLE_DST,CLE DST,DST,CLE,BAL,2,3.0,0,0,0,0,0,0,0,0.0,0.0,0.0,0.0,41,-4,-1.0,-1.0
CLE_DST,CLE DST,DST,CLE,GB,3,5.0,1,0,0,0,0,0,0,1.0,0.0,0.0,1.0,10,4,13.0,13.0
CLE_DST,CLE DST,DST,CLE,DET,4,0.0,1,0,0,0,0,0,0,0.0,0.0,0.0,0.0,34,-1,1.0,1.0
CLE_DST,CLE DST,DST,CLE,MIN,5,3.0,0,2,0,0,0,0,0,0.0,0.0,0.0,0.0,21,0,7.0,7.0
CLE_DST,CLE DST,DST,CLE,PIT,6,0.0,0,0,0,0,0,0,0,0.0,0.0,0.0,0.0,23,0,0.0,0.0
CLE_DST,CLE DST,DST,CLE,MIA,7,4.0,3,1,0,1,0,0,1,0.0,0.0,0.0,0.0,6,7,25.0,25.0
CLE_DST,CLE DST,DST,CLE,NE,8,6.0,1,1,0,0,0,0,0,0.0,0.0,0.0,0.0,32,-1,9.0,9.0
CLE_DST,CLE DST,DST,CLE,NYJ,10,3.0,1,0,0,0,0,0,0,0.0,0.0,0.0,0.0,27,0,5.0,5.0
CLE_DST,CLE DST,DST,CLE,BAL,11,5.0,2,1,0,1,0,0,1,0.0,0.0,0.0,0.0,23,0,17.0,17.0
CLE_DST,CLE DST,DST,CLE,LV,12,10.0,0,1,0,0,0,0,0,0.0,0.0,0.0,0.0,10,4,16.0,16.0
CLE_DST,CLE DST,DST,CLE,SF,13,1.0,0,0,0,0,0,0,0,0.0,0.0,0.0,0.0,26,0,1.0,1.0
CLE_DST,CLE DST,DST,CLE,TEN,14,1.0,1,0,0,0,0,0,0,0.0,0.0,0.0,0.0,31,-1,2.0,2.0
CLE_DST,CLE DST,DST,CLE,CHI,15,3.0,0,0,0,0,0,0,0,0.0,0.0,0.0,0.0,31,-1,2.0,2.0
CLE_DST,CLE DST,DST,CLE,BUF,16,2.0,0,0,0,0,0,0,0,0.0,0.0,0.0,0.0,23,0,2.0,2.0
CLE_DST,CLE DST,DST,CLE,PIT,17,2.0,0,0,0,0,0,0,0,0.0,0.0,0.0,0.0,6,7,9.0,9.0
DAL_DST,DAL DST,DST,DAL,PHI,1,1.0,0,0,0,0,0,0,0,0.0,0.0,0.0,0.0,24,0,1.0,1.0
DAL_DST,DAL DST,DST,DAL,NYG,2,2.0,1,0,0,0,0,0,0,0.0,0.0,0.0,0.0,37,-4,0.0,0.0
DAL_DST,DAL DST,DST,DAL,CHI,3,0.0,0,0,0,0,0,0,0,0.0,0.0,0.0,0.0,31,-1,-1.0,-1.0
DAL_DST,DAL DST,DST,DAL,GB,4,1.0,0,1,0,0,0,0,0,0.0,1.0,0.0,1.0,40,-4,1.0,1.0
DAL_DST,DAL DST,DST,DAL,NYJ,5,5.0,0,1,0,0,0,0,0,0.0,0.0,0.0,0.0,22,0,7.0,7.0
DAL_DST,DAL DST,DST,DAL,CAR,6,1.0,1,0,0,0,0,0,0,0.0,0.0,0.0,0.0,30,-1,2.0,2.0
DAL_DST,DAL DST,DST,DAL,WAS,7,4.0,1,1,0,1,0,0,1,0.0,0.0,0.0,0.0,22,0,14.0,14.0
DAL_DST,DAL DST,DST,DAL,DEN,8,0.0,1,0,0,0,0,0,0,0.0,0.0,0.0,0.0,44,-4,-2.0,-2.0
DAL_DST,DAL DST,DST,DAL,ARI,9,5.0,0,0,0,0,0,1,1,0.0,0.0,1.0,1.0,27,0,13.0,13.0
DAL_DST,DAL DST,DST,DAL,LV,11,4.0,1,0,1,0,0,0,0,0.0,0.0,0.0,0.0,16,1,9.0,9.0
DAL_DST,DAL DST,DST,DAL,PHI,12,1.0,0,2,0,0,0,0,0,0.0,0.0,0.0,0.0,21,0,5.0,5.0
DAL_DST,DAL DST,DST,DAL,KC,13,3.0,0,0,0,0,0,0,0,0.0,0.0,0.0,0.0,28,-1,2.0,2.0
DAL_DST,DAL DST,DST,DAL,DET,14,1.0,0,0,0,0,0,0,0,1.0,0.0,0.0,1.0,44,-4,-1.0,-1.0
DAL_DST,DAL DST,DST,DAL,MIN,15,0.0,1,0,0,0,0,0,0,0.0,0.0,0.0,0.0,34,-1,1.0,1.0
DAL_DST,DAL DST,DST,DAL,LAC,16,0.0,0,0,0,0,0,0,0,0.0,0.0,0.0,0.0,34,-1,-1.0,-1.0
DAL_DST,DAL DST,DST,DAL,WAS,17,2.0,0,0,0,0,0,0,0,0.0,0.0,0.0,0.0,23,0,2.0,2.0
DEN_DST,DEN DST,DST,DEN,TEN,1,6.0,0,2,0,0,0,0,0,0.0,0.0,0.0,0.0,12,4,14.0,14.0
DEN_DST,DEN DST,DST,DEN,IND,2,1.0,0,0,0,0,0,0,0,0.0,0.0,0.0,0.0,29,-1,0.0,0.0
DEN_DST,DEN DST,DST,DEN,LAC,3,5.0,1,1,0,0,0,0,0,0.0,0.0,0.0,0.0,23,0,9.0,9.0
DEN_DST,DEN DST,DST,DEN,CIN,4,3.0,0,0,0,0,0,0,0,0.0,0.0,0.0,0.0,3,7,10.0,10.0
DEN_DST,DEN DST,DST,DEN,PHI,5,6.0,0,0,0,0,0,0,0,0.0,0.0,0.0,0.0,17,1,7.0,7.0
DEN_DST,DEN DST,DST,DEN,NYJ,6,9.0,0,0,0,0,0,0,0,0.0,0.0,0.0,0.0,11,4,13.0,13.0
DEN_DST,DEN DST,DST,DEN,NYG,7,4.0,1,0,0,0,0,0,0,0.0,0.0,0.0,0.0,32,-1,5.0,5.0
DEN_DST,DEN DST,DST,DEN,DAL,8,2.0,2,0,0,0,0,0,0,0.0,0.0,0.0,0.0,24,0,6.0,6.0
DEN_DST,DEN DST,DST,DEN,HOU,9,4.0,0,0,0,0,0,0,0,0.0,0.0,0.0,0.0,15,1,5.0,5.0
DEN_DST,DEN DST,DST,DEN,LV,10,6.0,1,0,0,0,0,0,0,0.0,0.0,1.0,1.0,7,4,14.0,14.0
DEN_DST,DEN DST,DST,DEN,KC,11,3.0,1,0,0,0,0,0,0,0.0,1.0,0.0,1.0,19,1,8.0,8.0
DEN_DST,DEN DST,DST,DEN,WAS,13,2.0,1,0,0,0,0,0,0,0.0,0.0,0.0,0.0,26,0,4.0,4.0
DEN_DST,DEN DST,DST,DEN,LV,14,4.0,0,0,0,0,0,1,1,0.0,0.0,0.0,0.0,17,1,11.0,11.0
DEN_DST,DEN DST,DST,DEN,GB,15,3.0,2,0,0,0,0,0,0,0.0,0.0,0.0,0.0,26,0,7.0,7.0
DEN_DST,DEN DST,DST,DEN,JAX,16,5.0,0,0,0,0,0,0,0,0.0,0.0,0.0,0.0,34,-1,4.0,4.0
DEN_DST,DEN DST,DST,DEN,KC,17,1.0,0,0,0,0,0,0,0,0.0,0.0,0.0,0.0,13,4,5.0,5.0
DET_DST,DET DST,DST,DET,GB,1,0.0,0,0,0,0,0,0,0,0.0,0.0,0.0,0.0,27,0,0.0,0.0
DET_DST,DET DST,DST,DET,CHI,2,4.0,1,1,0,0,0,0,0,0.0,0.0,0.0,0.0,21,0,8.0,8.0
DET_DST,DET DST,DST,DET,BAL,3,7.0,0,1,0,0,0,0,0,0.0,0.0,0.0,0.0,30,-1,8.0,8.0
DET_DST,DET DST,DST,DET,CLE,4,3.0,2,1,0,0,0,1,1,0.0,0.0,0.0,0.0,10,4,19.0,19.0
DET_DST,DET DST,DST,DET,CIN,5,2.0,3,0,1,0,0,0,0,0.0,0.0,0.0,0.0,24,0,10.0,10.0
DET_DST,DET DST,DST,DET,KC,6,3.0,0,0,0,0,0,0,0,0.0,0.0,0.0,0.0,30,-1,2.0,2.0
DET_DST,DET DST,DST,DET,TB,7,4.0,1,1,0,0,0,0,0,0.0,0.0,0.0,0.0,9,4,12.0,12.0
DET_DST,DET DST,DST,DET,MIN,9,5.0,1,0,0,0,0,0,0,0.0,0.0,0.0,0.0,27,0,7.0,7.0
DET_DST,DET DST,DST,DET,WAS,10,2.0,0,0,0,0,0,0,0,0.0,0.0,0.0,0.0,22,0,2.0,2.0
DET_DST,DET DST,DST,DET,PHI,11,1.0,0,0,0,0,0,0,0,0.0,0.0,0.0,0.0,16,1,2.0,2.0
DET_DST,DET DST,DST,DET,NYG,12,1.0,1,0,0,0,0,0,0,0.0,0.0,0.0,0.0,27,0,3.0,3.0
DET_DST,DET DST,DST,DET,GB,13,0.0,0,0,0,0,0,0,0,0.0,0.0,0.0,0.0,31,-1,-1.0,-1.0
DET_DST,DET DST,DST,DET,DAL,14,5.0,2,1,0,0,0,0,0,0.0,0.0,0.0,0.0,30,-1,10.0,10.0
DET_DST,DET DST,DST,DET,LA,15,2.0,1,0,0,0,0,0,0,0.0,0.0,0.0,0.0,41,-4,0.0,0.0
DET_DST,DET DST,DST,DET,PIT,16,2.0,0,1,0,0,0,0,0,0.0,0.0,0.0,0.0,29,-1,3.0,3.0
DET_DST,DET DST,DST,DET,MIN,17,6.0,0,0,0,0,0,0,0,0.0,0.0,0.0,0.0,23,0,6.0,6.0
GB_DST,GB DST,DST,GB,DET,1,4.0,1,0,0,0,0,0,0,0.0,0.0,0.0,0.0,13,4,10.0,10.0
GB_DST,GB DST,DST,GB,WAS,2,4.0,0,0,0,0,0,0,0,0.0,0.0,0.0,0.0,18,1,5.0,5.0
GB_DST,GB DST,DST,GB,CLE,3,2.0,1,0,0,0,0,0,0,0.0,0.0,0.0,0.0,13,4,8.0,8.0
GB_DST,GB DST,DST,GB,DAL,4,1.0,0,0,0,0,0,0,0,0.0,0.0,0.0,0.0,40,-4,-3.0,-3.0
GB_DST,GB DST,DST,GB,CIN,6,1.0,0,0,0,0,0,0,0,0.0,0.0,0.0,0.0,18,1,2.0,2.0
GB_DST,GB DST,DST,GB,ARI,7,6.0,0,1,0,0,0,0,0,0.0,0.0,0.0,0.0,23,0,8.0,8.0
GB_DST,GB DST,DST,GB,PIT,8,3.0,0,1,0,0,0,0,0,0.0,0.0,0.0,0.0,25,0,5.0,5.0
GB_DST,GB DST,DST,GB,CAR,9,1.0,1,0,0,0,0,0,0,0.0,0.0,0.0,0.0,16,1,4.0,4.0
GB_DST,GB DST,DST,GB,PHI,10,0.0,0,1,0,0,0,0,0,0.0,0.0,0.0,0.0,10,4,6.0,6.0
GB_DST,GB DST,DST,GB,NYG,11,2.0,1,1,0,0,0,0,0,0.0,0.0,0.0,0.0,20,1,7.0,7.0
GB_DST,GB DST,DST,GB,MIN,12,5.0,2,1,0,0,0,0,0,0.0,0.0,0.0,0.0,6,7,18.0,18.0
GB_DST,GB DST,DST,GB,DET,13,3.0,0,0,0,0,0,0,0,0.0,0.0,0.0,0.0,24,0,3.0,3.0
GB_DST,GB DST,DST,GB,CHI,14,1.0,1,0,0,0,0,0,0,0.0,0.0,0.0,0.0,21,0,3.0,3.0
GB_DST,GB DST,DST,GB,DEN,15,0.0,0,1,0,0,0,0,0,0.0,0.0,0.0,0.0,34,-1,1.0,1.0
GB_DST,GB DST,DST,GB,CHI,16,0.0,0,0,0,0,0,0,0,0.0,0.0,0.0,0.0,22,0,0.0,0.0
GB_DST,GB DST,DST,GB,BAL,17,1.0,0,0,0,0,0,0,0,0.0,0.0,0.0,0.0,41,-4,-3.0,-3.0
HOU_DST,HOU DST,DST,HOU,LA,1,3.0,0,1,0,0,0,0,0,0.0,0.0,0.0,0.0,14,1,6.0,6.0
HOU_DST,HOU DST,DST,HOU,TB,2,4.0,0,0,0,0,0,0,0,0.0,0.0,1.0,1.0,20,1,7.0,7.0
HOU_DST,HOU DST,DST,HOU,JAX,3,2.0,1,0,0,0,0,0,0,0.0,0.0,0.0,0.0,17,1,5.0,5.0
HOU_DST,HOU DST,DST,HOU,TEN,4,2.0,1,0,0,0,0,0,0,0.0,0.0,0.0,0.0,0,10,14.0,14.0
HOU_DST,HOU DST,DST,HOU,BAL,5,1.0,3,0,0,0,0,0,0,0.0,0.0,0.0,0.0,10,4,11.0,11.0
HOU_DST,HOU DST,DST,HOU,SEA,7,2.0,2,2,0,0,1,0,1,1.0,0.0,0.0,1.0,27,0,18.0,18.0
HOU_DST,HOU DST,DST,HOU,SF,8,2.0,1,0,0,0,0,0,0,0.0,0.0,0.0,0.0,15,1,5.0,5.0
HOU_DST,HOU DST,DST,HOU,DEN,9,1.0,1,1,0,0,0,0,0,1.0,0.0,0.0,1.0,18,1,8.0,8.0
HOU_DST,HOU DST,DST,HOU,JAX,10,5.0,1,1,0,0,1,0,1,0.0,0.0,0.0,0.0,29,-1,14.0,14.0
HOU_DST,HOU DST,DST,HOU,TEN,11,3.0,0,1,0,0,0,0,0,0.0,0.0,0.0,0.0,13,4,9.0,9.0
HOU_DST,HOU DST,DST,HOU,BUF,12,8.0,2,1,0,0,0,0,0,0.0,0.0,0.0,0.0,19,1,15.0,15.0
HOU_DST,HOU DST,DST,HOU,IND,13,1.0,0,0,0,0,0,0,0,0.0,0.0,0.0,0.0,16,1,2.0,2.0
HOU_DST,HOU DST,DST,HOU,KC,14,2.0,3,0,0,0,0,0,0,0.0,0.0,0.0,0.0,10,4,12.0,12.0
HOU_DST,HOU DST,DST,HOU,ARI,15,2.0,1,1,0,0,0,0,0,0.0,0.0,0.0,0.0,20,1,7.0,7.0
HOU_DST,HOU DST,DST,HOU,LV,16,3.0,1,0,0,1,0,0,1,0.0,0.0,0.0,0.0,21,0,11.0,11.0
HOU_DST,HOU DST,DST,HOU,LAC,17,5.0,1,0,0,0,0,0,0,0.0,0.0,0.0,0.0,16,1,8.0,8.0
IND_DST,IND DST,DST,IND,MIA,1,3.0,2,1,0,0,0,0,0,0.0,0.0,0.0,0.0,8,4,13.0,13.0
IND_DST,IND DST,DST,IND,DEN,2,0.0,1,0,0,0,0,0,0,0.0,0.0,0.0,0.0,28,-1,1.0,1.0
IND_DST,IND DST,DST,IND,TEN,3,4.0,1,0,0,1,0,0,1,1.0,0.0,0.0,1.0,20,1,15.0,15.0
IND_DST,IND DST,DST,IND,LA,4,3.0,0,1,0,0,0,0,0,0.0,0.0,0.0,0.0,27,0,5.0,5.0
IND_DST,IND DST,DST,IND,LV,5,4.0,2,0,0,0,0,0,0,0.0,0.0,0.0,0.0,6,7,15.0,15.0
IND_DST,IND DST,DST,IND,ARI,6,2.0,1,0,0,0,0,0,0,0.0,0.0,0.0,0.0,27,0,4.0,4.0
IND_DST,IND DST,DST,IND,LAC,7,3.0,2,0,0,0,0,0,0,0.0,0.0,0.0,0.0,24,0,7.0,7.0
IND_DST,IND DST,DST,IND,TEN,8,4.0,1,0,0,0,0,0,0,0.0,0.0,0.0,0.0,14,1,7.0,7.0
IND_DST,IND DST,DST,IND,PIT,9,3.0,0,1,0,0,0,0,0,0.0,0.0,0.0,0.0,27,0,5.0,5.0
IND_DST,IND DST,DST,IND,ATL,10,3.0,0,1,0,0,0,0,0,0.0,0.0,0.0,0.0,25,0,5.0,5.0
IND_DST,IND DST,DST,IND,KC,12,4.0,1,1,0,0,0,0,0,0.0,0.0,0.0,0.0,23,0,8.0,8.0
IND_DST,IND DST,DST,IND,HOU,13,2.0,1,0,0,0,0,0,0,0.0,0.0,0.0,0.0,20,1,5.0,5.0
IND_DST,IND DST,DST,IND,JAX,14,0.0,0,1,0,0,0,0,0,0.0,0.0,0.0,0.0,36,-4,-2.0,-2.0
IND_DST,IND DST,DST,IND,SEA,15,1.0,0,0,0,0,0,0,0,0.0,0.0,0.0,0.0,18,1,2.0,2.0
IND_DST,IND DST,DST,IND,SF,16,1.0,1,0,0,0,0,0,0,0.0,0.0,0.0,0.0,48,-4,-1.0,-1.0
IND_DST,IND DST,DST,IND,JAX,17,2.0,1,1,0,0,0,0,0,0.0,0.0,0.0,0.0,23,0,6.0,6.0
JAX_DST,JAX DST,DST,JAX,CAR,1,1.0,2,1,0,0,0,0,0,0.0,0.0,0.0,0.0,10,4,11.0,11.0
JAX_DST,JAX DST,DST,JAX,CIN,2,3.0,3,0,0,0,0,0,0,0.0,0.0,0.0,0.0,31,-1,8.0,8.0
JAX_DST,JAX DST,DST,JAX,HOU,3,2.0,2,1,0,0,0,0,0,0.0,0.0,0.0,0.0,10,4,12.0,12.0
JAX_DST,JAX DST,DST,JAX,SF,4,1.0,2,2,0,0,0,1,1,0.0,0.0,0.0,0.0,21,0,15.0,15.0
JAX_DST,JAX DST,DST,JAX,KC,5,0.0,1,0,0,1,0,0,1,0.0,0.0,0.0,0.0,28,-1,7.0,7.0
JAX_DST,JAX DST,DST,JAX,SEA,6,1.0,0,0,0,0,0,0,0,0.0,0.0,0.0,0.0,20,1,2.0,2.0
JAX_DST,JAX DST,DST,JAX,LA,7,0.0,0,0,0,0,0,0,0,0.0,0.0,0.0,0.0,35,-4,-4.0,-4.0
JAX_DST,JAX DST,DST,JAX,LV,9,2.0,1,0,0,0,0,0,0,0.0,0.0,0.0,0.0,29,-1,3.0,3.0
JAX_DST,JAX DST,DST,JAX,HOU,10,2.0,1,1,0,0,0,1,1,0.0,0.0,0.0,0.0,36,-4,8.0,8.0
JAX_DST,JAX DST,DST,JAX,LAC,11,3.0,1,0,0,0,0,0,0,0.0,0.0,0.0,0.0,6,7,12.0,12.0
JAX_DST,JAX DST,DST,JAX,ARI,12,6.0,0,0,0,0,0,0,0,0.0,0.0,0.0,0.0,24,0,6.0,6.0
JAX_DST,JAX DST,DST,JAX,TEN,13,3.0,0,2,0,0,0,0,0,0.0,0.0,0.0,0.0,3,7,14.0,14.0
JAX_DST,JAX DST,DST,JAX,IND,14,1.0,2,1,1,0,0,0,0,0.0,0.0,0.0,0.0,19,1,10.0,10.0
JAX_DST,JAX DST,DST,JAX,NYJ,15,3.0,3,0,0,0,0,0,0,0.0,0.0,0.0,0.0,20,1,10.0,10.0
JAX_DST,JAX DST,DST,JAX,DEN,16,1.0,1,1,0,0,0,0,0,0.0,0.0,0.0,0.0,20,1,6.0,6.0
JAX_DST,JAX DST,DST,JAX,IND,17,2.0,2,0,0,0,0,0,0,0.0,0.0,0.0,0.0,17,1,7.0,7.0
KC_DST,KC DST,DST,KC,LAC,1,3.0,0,0,0,0,0,0,0,0.0,0.0,0.0,0.0,27,0,3.0,3.0
KC_DST,KC DST,DST,KC,PHI,2,1.0,0,0,0,0,0,0,0,0.0,0.0,0.0,0.0,20,1,2.0,2.0
KC_DST,KC DST,DST,KC,NYG,3,2.0,2,0,0,0,0,0,0,0.0,0.0,0.0,0.0,9,4,10.0,10.0
KC_DST,KC DST,DST,KC,BAL,4,2.0,1,1,0,0,0,0,0,0.0,0.0,0.0,0.0,20,1,7.0,7.0
KC_DST,KC DST,DST,KC,JAX,5,3.0,1,1,0,0,0,0,0,0.0,0.0,0.0,0.0,31,-1,6.0,6.0
KC_DST,KC DST,DST,KC,DET,6,1.0,0,0,0,0,0,0,0,0.0,0.0,0.0,0.0,17,1,2.0,2.0
KC_DST,KC DST,DST,KC,LV,7,1.0,0,1,0,0,0,0,0,0.0,0.0,0.0,0.0,0,10,13.0,13.0
KC_DST,KC DST,DST,KC,WAS,8,2.0,2,0,0,0,0,0,0,0.0,0.0,0.0,0.0,7,4,10.0,10.0
KC_DST,KC DST,DST,KC,BUF,9,3.0,0,0,0,0,0,0,0,0.0,0.0,0.0,0.0,28,-1,2.0,2.0
KC_DST,KC DST,DST,KC,DEN,11,2.0,0,0,0,0,0,0,0,0.0,0.0,0.0,0.0,22,0,2.0,2.0
KC_DST,KC DST,DST,KC,IND,12,0.0,0,0,0,0,0,0,0,0.0,0.0,0.0,0.0,20,1,1.0,1.0
KC_DST,KC DST,DST,KC,DAL,13,0.0,1,0,0,0,0,0,0,0.0,0.0,0.0,0.0,31,-1,1.0,1.0
KC_DST,KC DST,DST,KC,HOU,14,3.0,0,0,0,0,0,0,0,0.0,0.0,0.0,0.0,20,1,4.0,4.0
KC_DST,KC DST,DST,KC,LAC,15,4.0,1,0,0,0,0,0,0,0.0,0.0,0.0,0.0,16,1,7.0,7.0
KC_DST,KC DST,DST,KC,TEN,16,2.0,0,0,0,0,0,0,0,0.0,0.0,0.0,0.0,26,0,2.0,2.0
KC_DST,KC DST,DST,KC,DEN,17,1.0,1,0,0,0,0,0,0,0.0,0.0,0.0,0.0,20,1,4.0,4.0
LA_DST,LA DST,DST,LA,HOU,1,3.0,1,1,0,0,0,0,0,0.0,0.0,0.0,0.0,9,4,11.0,11.0
LA_DST,LA DST,DST,LA,TEN,2,5.0,0,1,0,0,0,0,0,0.0,0.0,0.0,0.0,19,1,8.0,8.0
LA_DST,LA DST,DST,LA,PHI,3,4.0,0,1,0,0,0,0,0,0.0,0.0,0.0,0.0,33,-1,5.0,5.0
LA_DST,LA DST,DST,LA,IND,4,2.0,2,0,0,0,0,0,0,0.0,0.0,0.0,0.0,20,1,7.0,7.0
LA_DST,LA DST,DST,LA,SF,5,1.0,0,0,0,0,0,0,0,0.0,0.0,0.0,0.0,26,0,1.0,1.0
LA_DST,LA DST,DST,LA,BAL,6,4.0,1,2,0,0,0,0,0,0.0,0.0,0.0,0.0,3,7,17.0,17.0
LA_DST,LA DST,DST,LA,JAX,7,7.0,0,0,0,0,0,0,0,0.0,0.0,0.0,0.0,7,4,11.0,11.0
LA_DST,LA DST,DST,LA,NO,9,1.0,1,1,0,0,0,0,0,0.0,0.0,0.0,0.0,10,4,9.0,9.0
LA_DST,LA DST,DST,LA,SF,10,0.0,1,1,0,0,0,0,0,0.0,1.0,0.0,1.0,26,0,6.0,6.0
LA_DST,LA DST,DST,LA,SEA,11,0.0,4,0,0,0,0,0,0,0.0,0.0,0.0,0.0,19,1,9.0,9.0
LA_DST,LA DST,DST,LA,TB,12,4.0,2,0,0,1,0,0,1,0.0,0.0,0.0,0.0,7,4,18.0,18.0
LA_DST,LA DST,DST,LA,CAR,13,2.0,0,0,0,0,0,0,0,0.0,0.0,0.0,0.0,31,-1,1.0,1.0
LA_DST,LA DST,DST,LA,ARI,14,3.0,1,0,0,0,0,0,0,0.0,0.0,0.0,0.0,17,1,6.0,6.0
LA_DST,LA DST,DST,LA,DET,15,1.0,0,0,0,0,0,0,0,0.0,0.0,0.0,0.0,34,-1,0.0,0.0
LA_DST,LA DST,DST,LA,SEA,16,4.0,2,1,0,0,0,0,0,0.0,0.0,0.0,0.0,38,-4,6.0,6.0
LA_DST,LA DST,DST,LA,ATL,17,0.0,0,0,0,0,0,1,1,1.0,0.0,0.0,1.0,27,0,8.0,8.0
LAC_DST,LAC DST,DST,LAC,KC,1,2.0,0,0,0,0,0,0,0,0.0,0.0,0.0,0.0,21,0,2.0,2.0
LAC_DST,LAC DST,DST,LAC,LV,2,3.0,3,0,0,0,0,0,0,0.0,0.0,0.0,0.0,9,4,13.0,13.0
LAC_DST,LAC DST,DST,LAC,DEN,3,2.0,0,0,0,0,0,0,0,0.0,0.0,0.0,0.0,20,1,3.0,3.0
LAC_DST,LAC DST,DST,LAC,NYG,4,6.0,0,0,0,0,0,0,0,0.0,0.0,0.0,0.0,21,0,6.0,6.0
LAC_DST,LAC DST,DST,LAC,WAS,5,1.0,0,1,0,0,0,0,0,0.0,0.0,0.0,0.0,27,0,3.0,3.0
LAC_DST,LAC DST,DST,LAC,MIA,6,2.0,3,0,0,0,0,0,0,0.0,0.0,0.0,0.0,27,0,8.0,8.0
LAC_DST,LAC DST,DST,LAC,IND,7,1.0,0,0,0,0,0,0,0,0.0,0.0,0.0,0.0,38,-4,-3.0,-3.0
LAC_DST,LAC DST,DST,LAC,MIN,8,5.0,1,0,0,0,0,0,0,0.0,0.0,0.0,0.0,10,4,11.0,11.0
LAC_DST,LAC DST,DST,LAC,TEN,9,4.0,0,0,0,0,0,0,0,0.0,0.0,0.0,0.0,20,1,5.0,5.0
LAC_DST,LAC DST,DST,LAC,PIT,10,3.0,2,1,1,0,0,0,0,0.0,0.0,0.0,0.0,10,4,15.0,15.0
LAC_DST,LAC DST,DST,LAC,JAX,11,0.0,1,0,0,0,0,0,0,0.0,0.0,0.0,0.0,35,-4,-2.0,-2.0
LAC_DST,LAC DST,DST,LAC,LV,13,5.0,1,0,0,0,0,0,0,0.0,0.0,0.0,0.0,14,1,8.0,8.0
LAC_DST,LAC DST,DST,LAC,PHI,14,1.0,4,1,0,0,0,0,0,0.0,0.0,0.0,0.0,19,1,12.0,12.0
LAC_DST,LAC DST,DST,LAC,KC,15,5.0,2,0,0,0,0,0,0,0.0,0.0,0.0,0.0,13,4,13.0,13.0
LAC_DST,LAC DST,DST,LAC,DAL,16,1.0,0,1,0,0,0,0,0,0.0,0.0,0.0,0.0,17,1,4.0,4.0
LAC_DST,LAC DST,DST,LAC,HOU,17,0.0,2,0,0,0,0,0,0,0.0,0.0,0.0,0.0,20,1,5.0,5.0
LV_DST,LV DST,DST,LV,NE,1,4.0,1,0,0,0,0,0,0,0.0,0.0,0.0,0.0,13,4,10.0,10.0
LV_DST,LV DST,DST,LV,LAC,2,2.0,0,1,0,0,0,0,0,0.0,0.0,0.0,0.0,20,1,5.0,5.0
LV_DST,LV DST,DST,LV,WAS,3,1.0,0,1,0,0,0,0,0,0.0,0.0,0.0,0.0,41,-4,-1.0,-1.0
LV_DST,LV DST,DST,LV,CHI,4,1.0,1,0,0,0,0,0,0,0.0,0.0,0.0,0.0,25,0,3.0,3.0
LV_DST,LV DST,DST,LV,IND,5,0.0,0,0,0,0,0,0,0,0.0,0.0,0.0,0.0,40,-4,-4.0,-4.0
LV_DST,LV DST,DST,LV,TEN,6,5.0,1,2,0,0,0,0,0,0.0,0.0,0.0,0.0,10,4,15.0,15.0
LV_DST,LV DST,DST,LV,KC,7,1.0,0,0,0,0,0,0,0,0.0,0.0,0.0,0.0,31,-1,0.0,0.0
LV_DST,LV DST,DST,LV,JAX,9,1.0,1,0,0,0,0,0,0,0.0,0.0,0.0,0.0,30,-1,2.0,2.0
LV_DST,LV DST,DST,LV,DEN,10,2.0,2,0,0,0,0,0,0,0.0,0.0,0.0,0.0,10,4,10.0,10.0
LV_DST,LV DST,DST,LV,DAL,11,1.0,0,1,0,0,0,0,0,0.0,0.0,0.0,0.0,33,-1,2.0,2.0
LV_DST,LV DST,DST,LV,CLE,12,1.0,1,1,0,0,0,0,0,0.0,0.0,0.0,0.0,24,0,5.0,5.0
LV_DST,LV DST,DST,LV,LAC,13,3.0,1,0,0,0,0,0,0,0.0,0.0,0.0,0.0,31,-1,4.0,4.0
LV_DST,LV DST,DST,LV,DEN,14,3.0,0,0,0,0,0,0,0,0.0,0.0,0.0,0.0,24,0,3.0,3.0
LV_DST,LV DST,DST,LV,PHI,15,1.0,0,0,0,0,0,0,0,0.0,0.0,0.0,0.0,31,-1,0.0,0.0
LV_DST,LV DST,DST,LV,HOU,16,0.0,0,0,0,0,0,0,0,0.0,0.0,0.0,0.0,23,0,0.0,0.0
LV_DST,LV DST,DST,LV,NYG,17,2.0,0,0,0,0,0,0,0,0.0,0.0,0.0,0.0,34,-1,1.0,1.0
MIA_DST,MIA DST,DST,MIA,IND,1,1.0,0,0,0,0,0,0,0,0.0,0.0,0.0,0.0,33,-1,0.0,0.0
MIA_DST,MIA DST,DST,MIA,NE,2,3.0,0,0,0,0,0,1,1,0.0,0.0,0.0,0.0,33,-1,8.0,8.0
MIA_DST,MIA DST,DST,MIA,BUF,3,2.0,0,0,0,0,0,0,0,0.0,0.0,0.0,0.0,31,-1,1.0,1.0
MIA_DST,MIA DST,DST,MIA,NYJ,4,2.0,0,3,0,0,0,0,0,0.0,0.0,0.0,0.0,21,0,8.0,8.0
MIA_DST,MIA DST,DST,MIA,CAR,5,3.0,1,1,0,0,0,0,0,0.0,0.0,0.0,0.0,27,0,7.0,7.0
MIA_DST,MIA DST,DST,MIA,LAC,6,1.0,0,1,0,0,0,0,0,0.0,0.0,0.0,0.0,29,-1,2.0,2.0
MIA_DST,MIA DST,DST,MIA,CLE,7,2.0,0,0,0,0,0,0,0,0.0,0.0,0.0,0.0,31,-1,1.0,1.0
MIA_DST,MIA DST,DST,MIA,ATL,8,1.0,0,1,0,0,0,0,0,0.0,0.0,0.0,0.0,10,4,7.0,7.0
MIA_DST,MIA DST,DST,MIA,BAL,9,2.0,0,0,0,0,0,0,0,0.0,0.0,0.0,0.0,28,-1,1.0,1.0
MIA_DST,MIA DST,DST,MIA,BUF,10,3.0,1,2,0,0,0,0,0,0.0,0.0,0.0,0.0,13,4,13.0,13.0
MIA_DST,MIA DST,DST,MIA,WAS,11,1.0,1,1,0,0,0,0,0,0.0,0.0,0.0,0.0,13,4,9.0,9.0
MIA_DST,MIA DST,DST,MIA,NO,13,4.0,1,1,0,0,0,0,0,0.0,0.0,0.0,0.0,17,1,9.0,9.0
MIA_DST,MIA DST,DST,MIA,NYJ,14,6.0,3,0,0,0,0,0,0,0.0,0.0,0.0,0.0,10,4,16.0,16.0
MIA_DST,MIA DST,DST,MIA,PIT,15,3.0,0,0,0,0,0,0,0,0.0,0.0,0.0,0.0,28,-1,2.0,2.0
MIA_DST,MIA DST,DST,MIA,CIN,16,2.0,0,0,0,0,0,0,0,0.0,0.0,0.0,0.0,45,-4,-2.0,-2.0
MIA_DST,MIA DST,DST,MIA,TB,17,3.0,2,1,0,0,0,0,0,1.0,0.0,0.0,1.0,17,1,12.0,12.0
MIN_DST,MIN DST,DST,MIN,CHI,1,2.0,0,1,0,0,0,0,0,0.0,0.0,0.0,0.0,24,0,4.0,4.0
MIN_DST,MIN DST,DST,MIN,ATL,2,3.0,0,1,0,0,0,0,0,0.0,0.0,0.0,0.0,22,0,5.0,5.0
MIN_DST,MIN DST,DST,MIN,CIN,3,4.0,2,3,0,1,1,0,2,0.0,0.0,0.0,0.0,10,4,30.0,30.0
MIN_DST,MIN DST,DST,MIN,PIT,4,2.0,0,0,0,0,0,0,0,1.0,0.0,0.0,1.0,24,0,4.0,4.0
MIN_DST,MIN DST,DST,MIN,CLE,5,2.0,0,0,0,0,0,0,0,0.0,0.0,0.0,0.0,17,1,3.0,3.0
MIN_DST,MIN DST,DST,MIN,PHI,7,3.0,0,0,0,0,0,0,0,0.0,0.0,0.0,0.0,28,-1,2.0,2.0
MIN_DST,MIN DST,DST,MIN,LAC,8,2.0,1,0,0,0,0,0,0,0.0,0.0,0.0,0.0,37,-4,0.0,0.0
MIN_DST,MIN DST,DST,MIN,DET,9,5.0,0,1,0,0,0,0,0,1.0,0.0,0.0,1.0,24,0,9.0,9.0
MIN_DST,MIN DST,DST,MIN,BAL,10,1.0,0,0,0,0,0,0,0,0.0,0.0,0.0,0.0,27,0,1.0,1.0
MIN_DST,MIN DST,DST,MIN,CHI,11,2.0,0,0,0,0,0,0,0,0.0,0.0,0.0,0.0,19,1,3.0,3.0
MIN_DST,MIN DST,DST,MIN,GB,12,1.0,0,0,0,0,0,0,0,0.0,0.0,0.0,0.0,23,0,1.0,1.0
MIN_DST,MIN DST,DST,MIN,SEA,13,4.0,0,2,0,0,0,0,0,0.0,0.0,0.0,0.0,26,0,8.0,8.0
MIN_DST,MIN DST,DST,MIN,WAS,14,2.0,2,1,0,0,0,0,0,0.0,0.0,0.0,0.0,0,10,18.0,18.0
MIN_DST,MIN DST,DST,MIN,DAL,15,2.0,0,0,0,0,0,0,0,0.0,0.0,0.0,0.0,26,0,2.0,2.0
MIN_DST,MIN DST,DST,MIN,NYG,16,5.0,1,0,0,0,0,0,0,0.0,0.0,0.0,0.0,13,4,11.0,11.0
MIN_DST,MIN DST,DST,MIN,DET,17,5.0,2,4,0,0,0,0,0,0.0,0.0,0.0,0.0,10,4,21.0,21.0
NE_DST,NE DST,DST,NE,LV,1,4.0,1,0,0,0,0,0,0,0.0,0.0,0.0,0.0,20,1,7.0,7.0
NE_DST,NE DST,DST,NE,MIA,2,5.0,1,0,0,0,0,1,1,0.0,0.0,0.0,0.0,27,0,13.0,13.0
NE_DST,NE DST,DST,NE,PIT,3,0.0,1,0,0,0,0,0,0,0.0,0.0,0.0,0.0,21,0,2.0,2.0
NE_DST,NE DST,DST,NE,CAR,4,1.0,0,0,0,0,0,1,1,0.0,0.0,0.0,0.0,13,4,11.0,11.0
NE_DST,NE DST,DST,NE,BUF,5,1.0,1,2,0,0,0,0,0,0.0,0.0,0.0,0.0,20,1,8.0,8.0
NE_DST,NE DST,DST,NE,NO,6,2.0,0,1,0,0,0,0,0,0.0,0.0,0.0,0.0,19,1,5.0,5.0
NE_DST,NE DST,DST,NE,TEN,7,4.0,1,1,0,0,1,0,1,0.0,0.0,0.0,0.0,13,4,18.0,18.0
NE_DST,NE DST,DST,NE,CLE,8,1.0,2,0,0,0,0,0,0,0.0,0.0,0.0,0.0,13,4,9.0,9.0
NE_DST,NE DST,DST,NE,ATL,9,1.0,0,0,0,0,0,0,0,0.0,0.0,0.0,0.0,23,0,1.0,1.0
NE_DST,NE DST,DST,NE,TB,10,2.0,0,0,0,0,0,0,0,0.0,0.0,0.0,0.0,23,0,2.0,2.0
NE_DST,NE DST,DST,NE,NYJ,11,2.0,0,1,0,0,0,0,0,0.0,0.0,0.0,0.0,14,1,5.0,5.0
NE_DST,NE DST,DST,NE,CIN,12,1.0,1,0,0,1,0,0,1,0.0,0.0,0.0,0.0,20,1,10.0,10.0
NE_DST,NE DST,DST,NE,NYG,13,2.0,0,1,0,0,0,1,1,0.0,0.0,0.0,0.0,15,1,11.0,11.0
NE_DST,NE DST,DST,NE,BUF,15,2.0,0,0,0,0,0,0,0,0.0,0.0,0.0,0.0,35,-4,-2.0,-2.0
NE_DST,NE DST,DST,NE,BAL,16,1.0,0,2,0,0,0,0,0,0.0,0.0,0.0,0.0,24,0,5.0,5.0
NE_DST,NE DST,DST,NE,NYJ,17,1.0,1,0,0,0,0,0,0,0.0,0.0,0.0,0.0,10,4,7.0,7.0
NO_DST,NO DST,DST,NO,ARI,1,5.0,0,0,0,0,0,0,0,1.0,0.0,0.0,1.0,20,1,8.0,8.0
NO_DST,NO DST,DST,NO,SF,2,3.0,0,1,0,0,0,0,0,0.0,0.0,0.0,0.0,26,0,5.0,5.0
NO_DST,NO DST,DST,NO,SEA,3,0.0,0,1,0,0,0,0,0,0.0,0.0,0.0,0.0,44,-4,-2.0,-2.0
NO_DST,NO DST,DST,NO,BUF,4,3.0,1,0,0,0,0,0,0,0.0,0.0,0.0,0.0,31,-1,4.0,4.0
NO_DST,NO DST,DST,NO,NYG,5,0.0,2,3,0,0,1,0,1,0.0,0.0,0.0,0.0,14,1,17.0,17.0
NO_DST,NO DST,DST,NO,NE,6,1.0,0,0,0,0,0,0,0,0.0,0.0,0.0,0.0,25,0,1.0,1.0
NO_DST,NO DST,DST,NO,CHI,7,1.0,1,0,0,0,0,0,0,0.0,0.0,0.0,0.0,26,0,3.0,3.0
NO_DST,NO DST,DST,NO,TB,8,3.0,0,1,0,0,0,0,0,0.0,0.0,0.0,0.0,23,0,5.0,5.0
NO_DST,NO DST,DST,NO,LA,9,2.0,0,0,0,0,0,0,0,0.0,0.0,0.0,0.0,34,-1,1.0,1.0
NO_DST,NO DST,DST,NO,CAR,10,2.0,1,1,0,0,0,0,0,1.0,0.0,0.0,1.0,7,4,12.0,12.0
NO_DST,NO DST,DST,NO,ATL,12,3.0,1,0,0,1,0,0,1,0.0,0.0,0.0,0.0,24,0,11.0,11.0
NO_DST,NO DST,DST,NO,MIA,13,4.0,1,0,0,0,0,0,0,0.0,0.0,0.0,0.0,21,0,6.0,6.0
NO_DST,NO DST,DST,NO,TB,14,0.0,1,0,0,0,0,0,0,0.0,0.0,0.0,0.0,20,1,3.0,3.0
NO_DST,NO DST,DST,NO,CAR,15,1.0,0,1,0,0,0,0,0,0.0,0.0,0.0,0.0,17,1,4.0,4.0
NO_DST,NO DST,DST,NO,NYJ,16,8.0,1,1,0,0,0,0,0,0.0,0.0,0.0,0.0,6,7,19.0,19.0
NO_DST,NO DST,DST,NO,TEN,17,4.0,0,1,0,0,1,0,1,0.0,0.0,0.0,0.0,26,0,12.0,12.0
NYG_DST,NYG DST,DST,NYG,WAS,1,3.0,0,0,0,0,0,0,0,0.0,0.0,0.0,0.0,21,0,3.0,3.0
NYG_DST,NYG DST,DST,NYG,DAL,2,3.0,1,0,0,0,0,0,0,0.0,0.0,0.0,0.0,40,-4,1.0,1.0
NYG_DST,NYG DST,DST,NYG,KC,3,1.0,0,0,0,0,0,0,0,0.0,0.0,0.0,0.0,22,0,1.0,1.0
NYG_DST,NYG DST,DST,NYG,LAC,4,2.0,2,0,0,0,0,0,0,0.0,0.0,0.0,0.0,18,1,7.0,7.0
NYG_DST,NYG DST,DST,NYG,NO,5,0.0,0,0,0,0,0,0,0,0.0,0.0,0.0,0.0,26,0,0.0,0.0
NYG_DST,NYG DST,DST,NYG,PHI,6,3.0,1,1,0,0,0,0,0,0.0,0.0,0.0,0.0,17,1,8.0,8.0
NYG_DST,NYG DST,DST,NYG,DEN,7,2.0,0,0,0,0,0,0,0,0.0,0.0,0.0,0.0,33,-1,1.0,1.0
NYG_DST,NYG DST,DST,NYG,PHI,8,4.0,0,0,0,0,0,0,0,0.0,0.0,0.0,0.0,38,-4,0.0,0.0
NYG_DST,NYG DST,DST,NYG,SF,9,2.0,0,1,0,0,0,0,0,0.0,0.0,0.0,0.0,34,-1,3.0,3.0
NYG_DST,NYG DST,DST,NYG,CHI,10,0.0,0,0,0,0,0,0,0,0.0,0.0,0.0,0.0,24,0,0.0,0.0
NYG_DST,NYG DST,DST,NYG,GB,11,2.0,0,0,0,0,0,0,0,0.0,0.0,0.0,0.0,27,0,2.0,2.0
NYG_DST,NYG DST,DST,NYG,DET,12,3.0,1,0,0,0,0,0,0,0.0,0.0,0.0,0.0,34,-1,4.0,4.0
NYG_DST,NYG DST,DST,NYG,NE,13,3.0,0,0,0,0,0,0,0,0.0,0.0,0.0,0.0,33,-1,2.0,2.0
NYG_DST,NYG DST,DST,NYG,WAS,15,2.0,0,2,0,0,0,0,0,0.0,0.0,0.0,0.0,29,-1,5.0,5.0
NYG_DST,NYG DST,DST,NYG,MIN,16,4.0,1,1,0,0,1,0,1,0.0,0.0,0.0,0.0,16,1,15.0,15.0
NYG_DST,NYG DST,DST,NYG,LV,17,4.0,2,0,0,0,0,1,1,0.0,0.0,0.0,0.0,10,4,18.0,18.0
NYJ_DST,NYJ DST,DST,NYJ,PIT,1,4.0,0,0,0,0,0,0,0,0.0,0.0,0.0,0.0,34,-1,3.0,3.0
NYJ_DST,NYJ DST,DST,NYJ,BUF,2,1.0,0,0,0,0,0,0,0,0.0,0.0,0.0,0.0,30,-1,0.0,0.0
NYJ_DST,NYJ DST,DST,NYJ,TB,3,1.0,0,0,0,0,0,1,1,1.0,0.0,0.0,1.0,29,-1,8.0,8.0
NYJ_DST,NYJ DST,DST,NYJ,MIA,4,0.0,0,0,0,0,0,0,0,0.0,0.0,0.0,0.0,27,0,0.0,0.0
NYJ_DST,NYJ DST,DST,NYJ,DAL,5,1.0,0,0,0,0,0,0,0,0.0,0.0,0.0,0.0,37,-4,-3.0,-3.0
NYJ_DST,NYJ DST,DST,NYJ,DEN,6,1.0,0,1,0,0,0,0,0,0.0,0.0,0.0,0.0,13,4,7.0,7.0
NYJ_DST,NYJ DST,DST,NYJ,CAR,7,2.0,0,0,0,0,0,0,0,0.0,0.0,0.0,0.0,13,4,6.0,6.0
NYJ_DST,NYJ DST,DST,NYJ,CIN,8,1.0,0,0,0,0,0,0,0,0.0,0.0,0.0,0.0,38,-4,-3.0,-3.0
NYJ_DST,NYJ DST,DST,NYJ,CLE,10,6.0,0,0,0,0,0,2,2,0.0,0.0,0.0,0.0,20,1,19.0,19.0
NYJ_DST,NYJ DST,DST,NYJ,NE,11,1.0,0,0,0,0,0,0,0,0.0,0.0,0.0,0.0,27,0,1.0,1.0
NYJ_DST,NYJ DST,DST,NYJ,BAL,12,1.0,0,0,0,0,0,0,0,0.0,0.0,0.0,0.0,23,0,1.0,1.0
NYJ_DST,NYJ DST,DST,NYJ,ATL,13,2.0,0,1,0,0,0,0,0,0.0,0.0,0.0,0.0,24,0,4.0,4.0
NYJ_DST,NYJ DST,DST,NYJ,MIA,14,1.0,0,0,0,0,0,1,1,0.0,0.0,0.0,0.0,34,-1,6.0,6.0
NYJ_DST,NYJ DST,DST,NYJ,JAX,15,0.0,0,1,0,0,0,0,0,0.0,0.0,0.0,0.0,48,-4,-2.0,-2.0
NYJ_DST,NYJ DST,DST,NYJ,NO,16,3.0,0,1,0,0,0,0,0,0.0,0.0,0.0,0.0,29,-1,4.0,4.0
NYJ_DST,NYJ DST,DST,NYJ,NE,17,1.0,0,0,0,0,0,0,0,0.0,0.0,0.0,0.0,42,-4,-3.0,-3.0
PHI_DST,PHI DST,DST,PHI,DAL,1,0.0,0,1,0,0,0,0,0,0.0,0.0,0.0,0.0,20,1,3.0,3.0
PHI_DST,PHI DST,DST,PHI,KC,2,2.0,1,0,0,0,0,0,0,0.0,0.0,0.0,0.0,17,1,5.0,5.0
PHI_DST,PHI DST,DST,PHI,LA,3,1.0,1,0,0,0,0,1,1,2.0,0.0,0.0,2.0,26,0,13.0,13.0
PHI_DST,PHI DST,DST,PHI,TB,4,2.0,1,1,0,0,0,1,1,0.0,0.0,1.0,1.0,25,0,14.0,14.0
PHI_DST,PHI DST,DST,PHI,DEN,5,2.0,0,0,0,0,0,0,0,0.0,0.0,0.0,0.0,21,0,2.0,2.0
PHI_DST,PHI DST,DST,PHI,NYG,6,2.0,0,0,0,0,0,0,0,0.0,0.0,0.0,0.0,34,-1,1.0,1.0
PHI_DST,PHI DST,DST,PHI,MIN,7,2.0,2,0,0,1,0,0,1,0.0,0.0,0.0,0.0,22,0,12.0,12.0
PHI_DST,PHI DST,DST,PHI,NYG,8,5.0,0,0,0,0,0,0,0,0.0,0.0,0.0,0.0,20,1,6.0,6.0
PHI_DST,PHI DST,DST,PHI,GB,10,3.0,0,2,0,0,0,0,0,0.0,0.0,0.0,0.0,7,4,11.0,11.0
PHI_DST,PHI DST,DST,PHI,DET,11,2.0,1,0,0,0,0,0,0,0.0,0.0,0.0,0.0,9,4,8.0,8.0
PHI_DST,PHI DST,DST,PHI,DAL,12,1.0,1,1,0,0,0,0,0,0.0,0.0,0.0,0.0,24,0,5.0,5.0
PHI_DST,PHI DST,DST,PHI,CHI,13,2.0,1,0,0,0,0,0,0,0.0,0.0,0.0,0.0,24,0,4.0,4.0
PHI_DST,PHI DST,DST,PHI,LAC,14,7.0,1,2,0,0,0,0,0,0.0,0.0,0.0,0.0,22,0,13.0,13.0
PHI_DST,PHI DST,DST,PHI,LV,15,4.0,1,0,0,0,0,0,0,0.0,0.0,0.0,0.0,0,10,16.0,16.0
PHI_DST,PHI DST,DST,PHI,WAS,16,2.0,1,0,0,0,0,0,0,0.0,0.0,0.0,0.0,18,1,5.0,5.0
PHI_DST,PHI DST,DST,PHI,BUF,17,5.0,0,1,0,0,0,0,0,0.0,1.0,0.0,1.0,12,4,13.0,13.0
PIT_DST,PIT DST,DST,PIT,NYJ,1,1.0,0,1,0,0,0,0,0,0.0,0.0,0.0,0.0,32,-1,2.0,2.0
PIT_DST,PIT DST,DST,PIT,SEA,2,2.0,2,0,0,0,0,0,0,0.0,0.0,0.0,0.0,31,-1,5.0,5.0
PIT_DST,PIT DST,DST,PIT,NE,3,5.0,1,4,0,0,0,0,0,0.0,0.0,0.0,0.0,14,1,16.0,16.0
PIT_DST,PIT DST,DST,PIT,MIN,4,6.0,2,0,0,0,0,0,0,0.0,0.0,0.0,0.0,21,0,10.0,10.0
PIT_DST,PIT DST,DST,PIT,CLE,6,6.0,0,0,0,0,0,0,0,0.0,0.0,0.0,0.0,9,4,10.0,10.0
PIT_DST,PIT DST,DST,PIT,CIN,7,2.0,0,0,0,0,0,0,0,0.0,0.0,0.0,0.0,33,-1,1.0,1.0
PIT_DST,PIT DST,DST,PIT,GB,8,0.0,0,0,0,0,0,0,0,0.0,0.0,0.0,0.0,35,-4,-4.0,-4.0
PIT_DST,PIT DST,DST,PIT,IND,9,5.0,3,3,0,0,0,0,0,0.0,0.0,0.0,0.0,20,1,18.0,18.0
PIT_DST,PIT DST,DST,PIT,LAC,10,5.0,0,0,0,0,0,0,0,0.0,0.0,0.0,0.0,25,0,5.0,5.0
PIT_DST,PIT DST,DST,PIT,CIN,11,1.0,1,1,0,1,1,0,2,0.0,0.0,0.0,0.0,12,4,21.0,21.0
PIT_DST,PIT DST,DST,PIT,CHI,12,1.0,0,2,0,0,1,0,1,0.0,0.0,0.0,0.0,31,-1,10.0,10.0
PIT_DST,PIT DST,DST,PIT,BUF,13,0.0,1,1,0,0,0,0,0,0.0,0.0,0.0,0.0,26,0,4.0,4.0
PIT_DST,PIT DST,DST,PIT,BAL,14,2.0,1,0,0,0,0,0,0,0.0,0.0,0.0,0.0,22,0,4.0,4.0
PIT_DST,PIT DST,DST,PIT,MIA,15,4.0,1,0,0,0,0,0,0,0.0,0.0,0.0,0.0,15,1,7.0,7.0
PIT_DST,PIT DST,DST,PIT,DET,16,3.0,0,0,1,0,0,0,0,0.0,0.0,0.0,0.0,24,0,5.0,5.0
PIT_DST,PIT DST,DST,PIT,CLE,17,2.0,2,0,0,0,0,0,0,0.0,0.0,0.0,0.0,13,4,10.0,10.0
SEA_DST,SEA DST,DST,SEA,SF,1,1.0,2,0,0,0,0,0,0,1.0,0.0,0.0,1.0,17,1,8.0,8.0
SEA_DST,SEA DST,DST,SEA,PIT,2,3.0,2,0,0,0,0,1,1,0.0,0.0,0.0,0.0,17,1,14.0,14.0
SEA_DST,SEA DST,DST,SEA,NO,3,2.0,1,0,0,0,0,1,1,0.0,0.0,1.0,1.0,13,4,16.0,16.0
SEA_DST,SEA DST,DST,SEA,ARI,4,6.0,2,0,0,0,0,0,0,0.0,0.0,0.0,0.0,20,1,11.0,11.0
SEA_DST,SEA DST,DST,SEA,TB,5,1.0,0,0,0,0,0,0,0,0.0,0.0,0.0,0.0,38,-4,-3.0,-3.0
SEA_DST,SEA DST,DST,SEA,JAX,6,7.0,0,0,0,0,0,0,0,0.0,0.0,0.0,0.0,12,4,11.0,11.0
SEA_DST,SEA DST,DST,SEA,HOU,7,3.0,1,0,0,0,0,0,0,0.0,0.0,0.0,0.0,19,1,6.0,6.0
SEA_DST,SEA DST,DST,SEA,WAS,9,4.0,1,1,0,0,0,0,0,0.0,0.0,0.0,0.0,14,1,9.0,9.0
SEA_DST,SEA DST,DST,SEA,ARI,10,5.0,0,2,0,0,2,0,2,0.0,0.0,0.0,0.0,22,0,21.0,21.0
SEA_DST,SEA DST,DST,SEA,LA,11,0.0,0,1,0,0,0,0,0,0.0,0.0,0.0,0.0,21,0,2.0,2.0
SEA_DST,SEA DST,DST,SEA,TEN,12,4.0,0,0,0,0,0,0,0,0.0,0.0,0.0,0.0,24,0,4.0,4.0
SEA_DST,SEA DST,DST,SEA,MIN,13,4.0,4,1,0,1,0,0,1,0.0,0.0,0.0,0.0,0,10,30.0,30.0
SEA_DST,SEA DST,DST,SEA,ATL,14,1.0,2,1,0,0,0,1,1,1.0,0.0,0.0,1.0,9,4,19.0,19.0
SEA_DST,SEA DST,DST,SEA,IND,15,1.0,1,0,0,0,0,0,0,0.0,0.0,0.0,0.0,16,1,4.0,4.0
SEA_DST,SEA DST,DST,SEA,LA,16,0.0,0,0,0,0,0,1,1,0.0,0.0,0.0,0.0,37,-4,2.0,2.0
SEA_DST,SEA DST,DST,SEA,CAR,17,2.0,1,1,0,0,0,0,0,0.0,0.0,0.0,0.0,10,4,10.0,10.0
SF_DST,SF DST,DST,SF,SEA,1,1.0,0,2,0,0,0,0,0,0.0,0.0,0.0,0.0,13,4,9.0,9.0
SF_DST,SF DST,DST,SF,NO,2,3.0,0,1,0,0,0,0,0,0.0,0.0,0.0,0.0,21,0,5.0,5.0
SF_DST,SF DST,DST,SF,ARI,3,1.0,0,0,0,0,0,0,0,0.0,0.0,0.0,0.0,15,1,2.0,2.0
SF_DST,SF DST,DST,SF,JAX,4,0.0,0,0,0,0,0,0,0,0.0,0.0,0.0,0.0,26,0,0.0,0.0
SF_DST,SF DST,DST,SF,LA,5,1.0,0,2,0,0,0,0,0,0.0,1.0,0.0,1.0,23,0,7.0,7.0
SF_DST,SF DST,DST,SF,TB,6,1.0,0,0,0,0,0,0,0,0.0,0.0,0.0,0.0,30,-1,0.0,0.0
SF_DST,SF DST,DST,SF,ATL,7,2.0,0,1,0,0,0,0,0,0.0,0.0,0.0,0.0,10,4,8.0,8.0
SF_DST,SF DST,DST,SF,HOU,8,0.0,1,0,0,0,0,0,0,0.0,0.0,0.0,0.0,26,0,2.0,2.0
SF_DST,SF DST,DST,SF,NYG,9,2.0,0,0,0,0,0,0,0,0.0,0.0,0.0,0.0,24,0,2.0,2.0
SF_DST,SF DST,DST,SF,LA,10,1.0,0,0,0,0,0,0,0,0.0,0.0,0.0,0.0,42,-4,-3.0,-3.0
SF_DST,SF DST,DST,SF,ARI,11,0.0,2,1,0,0,0,0,0,0.0,0.0,0.0,0.0,22,0,6.0,6.0
SF_DST,SF DST,DST,SF,CAR,12,1.0,2,0,0,0,0,0,0,0.0,0.0,0.0,0.0,9,4,9.0,9.0
SF_DST,SF DST,DST,SF,CLE,13,3.0,0,2,0,0,0,0,0,0.0,0.0,0.0,0.0,8,4,11.0,11.0
SF_DST,SF DST,DST,SF,TEN,15,0.0,0,0,0,0,0,0,0,0.0,0.0,0.0,0.0,24,0,0.0,0.0
SF_DST,SF DST,DST,SF,IND,16,2.0,1,1,0,1,0,0,1,0.0,0.0,0.0,0.0,27,0,12.0,12.0
SF_DST,SF DST,DST,SF,CHI,17,0.0,0,0,0,0,0,0,0,0.0,0.0,0.0,0.0,38,-4,-4.0,-4.0
TB_DST,TB DST,DST,TB,ATL,1,1.0,0,0,0,0,0,0,0,0.0,0.0,0.0,0.0,20,1,2.0,2.0
TB_DST,TB DST,DST,TB,HOU,2,3.0,0,0,0,0,0,0,0,0.0,0.0,0.0,0.0,19,1,4.0,4.0
TB_DST,TB DST,DST,TB,NYJ,3,4.0,1,1,0,1,0,0,1,0.0,0.0,0.0,0.0,27,0,14.0,14.0
TB_DST,TB DST,DST,TB,PHI,4,2.0,0,0,1,0,0,0,0,0.0,0.0,0.0,0.0,31,-1,3.0,3.0
TB_DST,TB DST,DST,TB,SEA,5,0.0,1,1,0,0,0,0,0,0.0,0.0,0.0,0.0,35,-4,0.0,0.0
TB_DST,TB DST,DST,TB,SF,6,6.0,2,0,0,0,0,0,0,0.0,0.0,0.0,0.0,19,1,11.0,11.0
TB_DST,TB DST,DST,TB,DET,7,4.0,1,1,0,0,0,0,0,0.0,0.0,0.0,0.0,24,0,8.0,8.0
TB_DST,TB DST,DST,TB,NO,8,5.0,2,2,0,1,0,0,1,0.0,0.0,0.0,0.0,3,7,26.0,26.0
TB_DST,TB DST,DST,TB,NE,10,1.0,1,0,0,0,0,0,0,0.0,0.0,0.0,0.0,28,-1,2.0,2.0
TB_DST,TB DST,DST,TB,BUF,11,0.0,2,1,0,0,0,0,0,0.0,0.0,0.0,0.0,44,-4,2.0,2.0
TB_DST,TB DST,DST,TB,LA,12,1.0,0,0,0,0,0,0,0,0.0,0.0,0.0,0.0,34,-1,0.0,0.0
TB_DST,TB DST,DST,TB,ARI,13,2.0,1,1,0,0,0,0,0,0.0,0.0,0.0,0.0,17,1,7.0,7.0
TB_DST,TB DST,DST,TB,NO,14,3.0,1,0,0,0,0,0,0,0.0,0.0,0.0,0.0,24,0,5.0,5.0
TB_DST,TB DST,DST,TB,ATL,15,1.0,0,1,0,0,0,0,0,0.0,0.0,0.0,0.0,29,-1,2.0,2.0
TB_DST,TB DST,DST,TB,CAR,16,2.0,0,0,0,0,0,0,0,0.0,0.0,0.0,0.0,23,0,2.0,2.0
TB_DST,TB DST,DST,TB,MIA,17,2.0,0,0,0,0,0,0,0,0.0,0.0,0.0,0.0,20,1,3.0,3.0
TEN_DST,TEN DST,DST,TEN,DEN,1,1.0,2,2,0,0,0,0,0,0.0,0.0,0.0,0.0,20,1,10.0,10.0
TEN_DST,TEN DST,DST,TEN,LA,2,1.0,1,0,0,0,0,0,0,0.0,1.0,0.0,1.0,33,-1,4.0,4.0
TEN_DST,TEN DST,DST,TEN,IND,3,0.0,0,0,0,0,0,0,0,0.0,0.0,0.0,0.0,41,-4,-4.0,-4.0
TEN_DST,TEN DST,DST,TEN,HOU,4,2.0,0,0,0,0,0,0,0,0.0,0.0,0.0,0.0,26,0,2.0,2.0
TEN_DST,TEN DST,DST,TEN,ARI,5,3.0,0,2,0,0,0,0,0,0.0,0.0,0.0,0.0,21,0,7.0,7.0
TEN_DST,TEN DST,DST,TEN,LV,6,2.0,1,0,0,0,0,0,0,0.0,0.0,0.0,0.0,20,1,5.0,5.0
TEN_DST,TEN DST,DST,TEN,NE,7,4.0,0,0,0,0,0,0,0,0.0,0.0,0.0,0.0,31,-1,3.0,3.0
TEN_DST,TEN DST,DST,TEN,IND,8,3.0,0,0,0,0,0,0,0,0.0,0.0,0.0,0.0,38,-4,-1.0,-1.0
TEN_DST,TEN DST,DST,TEN,LAC,9,6.0,1,0,0,1,0,1,2,0.0,0.0,0.0,0.0,27,0,20.0,20.0
TEN_DST,TEN DST,DST,TEN,HOU,11,4.0,0,0,0,0,0,0,0,0.0,0.0,0.0,0.0,16,1,5.0,5.0
TEN_DST,TEN DST,DST,TEN,SEA,12,1.0,0,0,0,0,0,1,1,0.0,0.0,0.0,0.0,30,-1,6.0,6.0
TEN_DST,TEN DST,DST,TEN,JAX,13,3.0,0,0,0,0,0,0,0,0.0,0.0,0.0,0.0,25,0,3.0,3.0
TEN_DST,TEN DST,DST,TEN,CLE,14,2.0,1,1,0,0,0,0,0,0.0,0.0,1.0,1.0,29,-1,7.0,7.0
TEN_DST,TEN DST,DST,TEN,SF,15,2.0,0,1,0,0,0,0,0,0.0,0.0,0.0,0.0,37,-4,0.0,0.0
TEN_DST,TEN DST,DST,TEN,KC,16,4.0,0,0,1,0,0,0,0,0.0,0.0,0.0,0.0,9,4,10.0,10.0
TEN_DST,TEN DST,DST,TEN,NO,17,2.0,0,1,0,0,0,0,0,0.0,0.0,0.0,0.0,34,-1,3.0,3.0
WAS_DST,WAS DST,DST,WAS,NYG,1,2.0,0,0,0,0,0,0,0,0.0,0.0,0.0,0.0,6,7,9.0,9.0
WAS_DST,WAS DST,DST,WAS,GB,2,2.0,0,0,0,0,0,0,0,0.0,0.0,0.0,0.0,27,0,2.0,2.0
WAS_DST,WAS DST,DST,WAS,LV,3,5.0,0,0,0,0,0,1,1,0.0,0.0,0.0,0.0,24,0,11.0,11.0
WAS_DST,WAS DST,DST,WAS,ATL,4,1.0,1,0,0,0,0,0,0,0.0,0.0,0.0,0.0,34,-1,2.0,2.0
WAS_DST,WAS DST,DST,WAS,LAC,5,5.0,1,1,0,0,0,0,0,0.0,0.0,0.0,0.0,10,4,13.0,13.0
WAS_DST,WAS DST,DST,WAS,CHI,6,3.0,0,0,0,0,0,0,0,1.0,0.0,0.0,1.0,25,0,5.0,5.0
WAS_DST,WAS DST,DST,WAS,DAL,7,1.0,0,0,1,0,0,0,0,0.0,0.0,0.0,0.0,44,-4,-1.0,-1.0
WAS_DST,WAS DST,DST,WAS,KC,8,3.0,2,0,0,0,0,0,0,0.0,0.0,0.0,0.0,28,-1,6.0,6.0
WAS_DST,WAS DST,DST,WAS,SEA,9,0.0,1,0,0,0,0,0,0,0.0,0.0,0.0,0.0,38,-4,-2.0,-2.0
WAS_DST,WAS DST,DST,WAS,DET,10,0.0,0,0,0,0,0,0,0,0.0,1.0,0.0,1.0,44,-4,-2.0,-2.0
WAS_DST,WAS DST,DST,WAS,MIA,11,3.0,0,0,0,0,0,0,0,0.0,0.0,0.0,0.0,16,1,4.0,4.0
WAS_DST,WAS DST,DST,WAS,DEN,13,1.0,1,0,0,0,0,0,0,0.0,0.0,0.0,0.0,27,0,3.0,3.0
WAS_DST,WAS DST,DST,WAS,MIN,14,4.0,0,0,0,0,0,0,0,0.0,0.0,0.0,0.0,31,-1,3.0,3.0
WAS_DST,WAS DST,DST,WAS,NYG,15,1.0,1,0,0,0,0,1,1,0.0,0.0,0.0,0.0,21,0,9.0,9.0
WAS_DST,WAS DST,DST,WAS,PHI,16,2.0,0,1,0,0,0,0,0,0.0,0.0,0.0,0.0,29,-1,3.0,3.0
WAS_DST,WAS DST,DST,WAS,DAL,17,6.0,0,0,0,0,0,0,0,0.0,0.0,0.0,0.0,30,-1,5.0,5.0
