game_id,season,game_type,week,gameday,weekday,gametime,away_team,away_score,home_team,home_score,location,result,total,overtime,old_game_id,gsis,nfl_detail_id,pfr,pff,espn,ftn,away_rest,home_rest,away_moneyline,home_moneyline,spread_line,away_spread_odds,home_spread_odds,total_line,under_odds,over_odds,div_game,roof,surface,temp,wind,away_qb_id,home_qb_id,away_qb_name,home_qb_name,away_coach,home_coach,referee,stadium_id,stadium
2025_01_DAL_PHI,2025,REG,1,9/4/2025,Thursday,20:20,DAL,20,PHI,24,Home,4,44,0,2025090400,59843,,202509040phi,28418,401772510,6734,7,7,330,-425,8.5,-110,-110,47.5,-110,-110,1,outdoors,grass,75,11,00-0033077,00-0036389,Dak Prescott,Jalen Hurts,Brian Schottenheimer,Nick Sirianni,Shawn Smith,PHI00,Lincoln Financial Field
2025_01_KC_LAC,2025,REG,1,9/5/2025,Friday,20:00,KC,21,LAC,27,Neutral,6,48,0,2025090500,59844,,202509050sdg,28419,401772714,6735,7,7,-175,145,-3,-120,100,47.5,-110,-110,1,dome,,,,00-0033873,00-0036355,Patrick Mahomes,Justin Herbert,Andy Reid,Jim Harbaugh,Carl Cheffers,LAX01,SoFi Stadium
2025_01_TB_ATL,2025,REG,1,9/7/2025,Sunday,13:00,TB,23,ATL,20,Home,-3,43,0,2025090700,59845,,202509070atl,28420,401772830,6736,7,7,-115,-105,-1.5,-102,-118,47.5,-105,-115,1,closed,fieldturf,,,00-0034855,00-0039917,Baker Mayfield,Michael Penix,Todd Bowles,Raheem Morris,Land Clark,ATL97,Mercedes-Benz Stadium
2025_01_CIN_CLE,2025,REG,1,9/7/2025,Sunday,13:00,CIN,17,CLE,16,Home,-1,33,0,2025090701,59846,,202509070cle,28421,401772829,6737,7,7,-238,195,-5.5,-105,-115,47.5,100,-120,1,outdoors,grass,63,10,00-0036442,00-0026158,Joe Burrow,Joe Flacco,Zac Taylor,Kevin Stefanski,Adrian Hill,CLE00,FirstEnergy Stadium
2025_01_MIA_IND,2025,REG,1,9/7/2025,Sunday,13:00,MIA,8,IND,33,Home,25,41,0,2025090702,59847,,202509070clt,28422,401772719,6738,7,7,-108,-112,1.5,-118,-102,47.5,-120,100,0,closed,fieldturf,,,00-0036212,00-0035710,Tua Tagovailoa,Daniel Jones,Mike McDaniel,Shane Steichen,Brad Allen,IND00,Lucas Oil Stadium
2025_01_CAR_JAX,2025,REG,1,9/7/2025,Sunday,13:00,CAR,10,JAX,26,Home,16,36,0,2025090703,59848,,202509070jax,28423,401772828,6739,7,7,170,-205,4.5,-110,-110,45.5,-108,-112,0,outdoors,grass,85,3,00-0039150,00-0036971,Bryce Young,Trevor Lawrence,Dave Canales,Liam Coen,Alex Moore,JAX00,TIAA Bank Stadium
2025_01_LV_NE,2025,REG,1,9/7/2025,Sunday,13:00,LV,20,NE,13,Home,-7,33,0,2025090704,59849,,202509070nwe,28424,401772720,6740,7,7,130,-155,2.5,100,-120,44.5,-115,-105,0,outdoors,fieldturf,62,4,00-0030565,00-0039851,Geno Smith,Drake Maye,Pete Carroll,Mike Vrabel,Ron Torbert,BOS00,Gillette Stadium
2025_01_ARI_NO,2025,REG,1,9/7/2025,Sunday,13:00,ARI,20,NO,13,Home,-7,33,0,2025090705,59850,,202509070nor,28425,401772718,6741,7,7,-270,220,-6,-108,-112,44.5,-112,-108,0,dome,sportturf,,,00-0035228,00-0039376,Kyler Murray,Spencer Rattler,Jonathan Gannon,Kellen Moore,Scott Novak,NOR00,Mercedes-Benz Superdome
2025_01_PIT_NYJ,2025,REG,1,9/7/2025,Sunday,13:00,PIT,34,NYJ,32,Home,-2,66,0,2025090706,59851,,202509070nyj,28426,401772721,6742,7,7,-155,130,-3,-110,-110,37.5,-108,-112,0,outdoors,fieldturf,67,3,00-0023459,00-0036945,Aaron Rodgers,Justin Fields,Mike Tomlin,Aaron Glenn,Bill Vinovich,NYC01,MetLife Stadium
2025_01_NYG_WAS,2025,REG,1,9/7/2025,Sunday,13:00,NYG,6,WAS,21,Home,15,27,0,2025090707,59852,,202509070was,28427,401772827,6743,7,7,240,-298,6,-108,-112,45.5,-110,-110,1,outdoors,grass,68,5,00-0029263,00-0039910,Russell Wilson,Jayden Daniels,Brian Daboll,Dan Quinn,Clay Martin,WAS00,FedExField
2025_01_TEN_DEN,2025,REG,1,9/7/2025,Sunday,16:05,TEN,12,DEN,20,Home,8,32,0,2025090708,59853,,202509070den,28428,401772832,6744,7,7,350,-455,8.5,-105,-115,42.5,-108,-112,0,outdoors,grass,84,6,00-0040676,00-0039732,Cam Ward,Bo Nix,Brian Callahan,Sean Payton,Alex Kemp,DEN00,Empower Field at Mile High
2025_01_SF_SEA,2025,REG,1,9/7/2025,Sunday,16:05,SF,17,SEA,13,Home,-4,30,0,2025090709,59854,,202509070sea,28429,401772831,6745,7,7,-135,114,-2.5,-105,-115,43.5,-112,-108,1,outdoors,fieldturf,67,6,00-0037834,00-0034869,Brock Purdy,Sam Darnold,Kyle Shanahan,Mike Macdonald,Shawn Hochuli,SEA00,Lumen Field
2025_01_DET_GB,2025,REG,1,9/7/2025,Sunday,16:25,DET,13,GB,27,Home,14,40,0,2025090710,59855,,202509070gnb,28430,401772722,6746,7,7,100,-120,1.5,-115,-105,48.5,-115,-105,1,outdoors,grass,60,5,00-0033106,00-0036264,Jared Goff,Jordan Love,Dan Campbell,Matt LaFleur,Clete Blakeman,GNB00,Lambeau Field
2025_01_HOU_LA,2025,REG,1,9/7/2025,Sunday,16:25,HOU,9,LA,14,Home,5,23,0,2025090711,59856,,202509070ram,28431,401772723,6747,7,7,140,-166,3.5,-118,-102,43.5,-115,-105,0,dome,matrixturf,,,00-0039163,00-0026498,C.J. Stroud,Matthew Stafford,DeMeco Ryans,Sean McVay,Craig Wrolstad,LAX01,SoFi Stadium
2025_01_BAL_BUF,2025,REG,1,9/7/2025,Sunday,20:20,BAL,40,BUF,41,Home,1,81,0,2025090712,59857,,202509070buf,28432,401772918,6748,7,7,-130,110,-1.5,-118,-102,50.5,-105,-115,0,outdoors,a_turf,58,8,00-0034796,00-0034857,Lamar Jackson,Josh Allen,John Harbaugh,Sean McDermott,John Hussey,BUF00,New Era Field
2025_01_MIN_CHI,2025,REG,1,9/8/2025,Monday,20:15,MIN,27,CHI,24,Home,-3,51,0,2025090800,59858,,202509080chi,28433,401772810,6749,7,7,-112,-108,-1.5,100,-120,43.5,-112,-108,1,outdoors,grass,68,6,00-0039923,00-0039918,J.J. McCarthy,Caleb Williams,Kevin O'Connell,Ben Johnson,Alan Eck,CHI98,Soldier Field
2025_02_WAS_GB,2025,REG,2,9/11/2025,Thursday,20:15,WAS,18,GB,27,Home,9,45,0,2025091100,59859,,202509110gnb,28434,401772936,6750,4,4,154,-185,3.5,-118,-102,48.5,-105,-115,0,outdoors,grass,65,7,00-0039910,00-0036264,Jayden Daniels,Jordan Love,Dan Quinn,Matt LaFleur,Brad Rogers,GNB00,Lambeau Field
2025_02_CLE_BAL,2025,REG,2,9/14/2025,Sunday,13:00,CLE,17,BAL,41,Home,24,58,0,2025091400,59860,,202509140rav,28435,401772726,6751,7,7,600,-900,12.5,-105,-115,46.5,-110,-110,1,outdoors,grass,82,3,00-0026158,00-0034796,Joe Flacco,Lamar Jackson,Kevin Stefanski,John Harbaugh,Brad Allen,BAL00,M&T Bank Stadium
2025_02_JAX_CIN,2025,REG,2,9/14/2025,Sunday,13:00,JAX,27,CIN,31,Home,4,58,0,2025091401,59861,,202509140cin,28436,401772725,6752,7,7,160,-192,3.5,-115,-105,49.5,-115,-105,0,outdoors,fieldturf,85,3,00-0036971,00-0036442,Trevor Lawrence,Joe Burrow,Liam Coen,Zac Taylor,Alan Eck,CIN00,Paycor Stadium
2025_02_NYG_DAL,2025,REG,2,9/14/2025,Sunday,13:00,NYG,37,DAL,40,Home,3,77,1,2025091402,59862,,202509140dal,28437,401772834,6753,7,10,195,-238,4.5,100,-120,44.5,-110,-110,1,closed,matrixturf,,,00-0029263,00-0033077,Russell Wilson,Dak Prescott,Brian Daboll,Brian Schottenheimer,Bill Vinovich,DAL00,AT&T Stadium
2025_02_CHI_DET,2025,REG,2,9/14/2025,Sunday,13:00,CHI,21,DET,52,Home,31,73,0,2025091403,59863,,202509140det,28438,401772835,6754,6,7,220,-270,6,-110,-110,46.5,-112,-108,1,dome,fieldturf,,,00-0039918,00-0033106,Caleb Williams,Jared Goff,Ben Johnson,Dan Campbell,Land Clark,DET00,Ford Field
2025_02_NE_MIA,2025,REG,2,9/14/2025,Sunday,13:00,NE,33,MIA,27,Home,-6,60,0,2025091404,59864,,202509140mia,28439,401772728,6755,7,7,105,-125,1.5,-110,-110,43.5,-115,-105,1,outdoors,grass,89,4,00-0039851,00-0036212,Drake Maye,Tua Tagovailoa,Mike Vrabel,Mike McDaniel,Alex Moore,MIA00,Hard Rock Stadium
2025_02_SF_NO,2025,REG,2,9/14/2025,Sunday,13:00,SF,26,NO,21,Home,-5,47,0,2025091405,59865,,202509140nor,28440,401772833,6756,7,7,-166,140,-3,-110,-110,40.5,-105,-115,0,dome,sportturf,,,00-0036972,00-0039376,Mac Jones,Spencer Rattler,Kyle Shanahan,Kellen Moore,Shawn Smith,NOR00,Mercedes-Benz Superdome
2025_02_BUF_NYJ,2025,REG,2,9/14/2025,Sunday,13:00,BUF,30,NYJ,10,Home,-20,40,0,2025091406,59866,,202509140nyj,28441,401772727,6757,7,7,-290,235,-6,-112,-108,47.5,-110,-110,1,outdoors,fieldturf,80,3,00-0034857,00-0036945,Josh Allen,Justin Fields,Sean McDermott,Aaron Glenn,Clete Blakeman,NYC01,MetLife Stadium
2025_02_SEA_PIT,2025,REG,2,9/14/2025,Sunday,13:00,SEA,31,PIT,17,Home,-14,48,0,2025091407,59867,,202509140pit,28442,401772836,6758,7,7,160,-192,3.5,-110,-110,40.5,-108,-112,0,outdoors,grass,79,5,00-0034869,00-0023459,Sam Darnold,Aaron Rodgers,Mike Macdonald,Mike Tomlin,Scott Novak,PIT00,Acrisure Stadium
2025_02_LA_TEN,2025,REG,2,9/14/2025,Sunday,13:00,LA,33,TEN,19,Home,-14,52,0,2025091408,59868,,202509140oti,28443,401772724,6759,7,7,-250,205,-5.5,-108,-112,41.5,-112,-108,0,outdoors,grass,83,3,00-0026498,00-0040676,Matthew Stafford,Cam Ward,Sean McVay,Brian Callahan,John Hussey,NAS00,Nissan Stadium
2025_02_CAR_ARI,2025,REG,2,9/14/2025,Sunday,16:05,CAR,22,ARI,27,Home,5,49,0,2025091409,59869,,202509140crd,28445,401772730,6760,7,7,250,-310,7,-110,-110,45.5,-110,-110,0,closed,grass,,,00-0039150,00-0035228,Bryce Young,Kyler Murray,Dave Canales,Jonathan Gannon,Ron Torbert,PHO00,State Farm Stadium
2025_02_DEN_IND,2025,REG,2,9/14/2025,Sunday,16:05,DEN,28,IND,29,Home,1,57,0,2025091410,59870,,202509140clt,28444,401772729,6761,7,7,-130,110,-2.5,-105,-115,43.5,-112,-108,0,closed,fieldturf,,,00-0039732,00-0035710,Bo Nix,Daniel Jones,Sean Payton,Shane Steichen,Craig Wrolstad,IND00,Lucas Oil Stadium
2025_02_PHI_KC,2025,REG,2,9/14/2025,Sunday,16:25,PHI,20,KC,17,Home,-3,37,0,2025091411,59871,,202509140kan,28446,401772837,6762,10,9,-122,102,-1.5,-110,-110,46.5,-102,-118,0,outdoors,grass,88,12,00-0036389,00-0033873,Jalen Hurts,Patrick Mahomes,Nick Sirianni,Andy Reid,Alex Kemp,KAN00,GEHA Field at Arrowhead Stadium
2025_02_ATL_MIN,2025,REG,2,9/14/2025,Sunday,20:20,ATL,22,MIN,6,Home,-16,28,0,2025091412,59872,,202509140min,28447,401772919,6763,7,6,150,-180,3.5,-115,-105,44.5,-110,-110,0,dome,sportturf,,,00-0039917,00-0039923,Michael Penix,J.J. McCarthy,Raheem Morris,Kevin O'Connell,Adrian Hill,MIN01,U.S. Bank Stadium
2025_02_TB_HOU,2025,REG,2,9/15/2025,Monday,19:00,TB,20,HOU,19,Home,-1,39,0,2025091500,59873,,202509150htx,28448,401772715,6765,8,8,114,-135,2.5,-110,-110,42.5,-110,-110,0,closed,astroturf,,,00-0034855,00-0039163,Baker Mayfield,C.J. Stroud,Todd Bowles,DeMeco Ryans,Shawn Hochuli,HOU00,NRG Stadium
2025_02_LAC_LV,2025,REG,2,9/15/2025,Monday,22:00,LAC,20,LV,9,Home,-11,29,0,2025091501,59874,,202509150rai,28449,401772811,6764,10,8,-198,164,-3.5,-105,-115,46.5,-102,-118,1,dome,grass,,,00-0036355,00-0030565,Justin Herbert,Geno Smith,Jim Harbaugh,Pete Carroll,Clay Martin,VEG00,Allegiant Stadium
2025_03_MIA_BUF,2025,REG,3,9/18/2025,Thursday,20:15,MIA,21,BUF,31,Home,10,52,0,2025091800,59875,,202509180buf,28450,401772937,6766,4,4,550,-800,12.5,-110,-110,50.5,-112,-108,1,outdoors,a_turf,68,7,00-0036212,00-0034857,Tua Tagovailoa,Josh Allen,Mike McDaniel,Sean McDermott,Alan Eck,BUF00,New Era Field
2025_03_ATL_CAR,2025,REG,3,9/21/2025,Sunday,13:00,ATL,0,CAR,30,Home,30,30,0,2025092100,59876,,202509210car,28452,401772838,6767,7,7,-225,185,-5.5,-105,-115,44.5,-115,-105,1,outdoors,grass,83,5,00-0039917,00-0039150,Michael Penix,Bryce Young,Raheem Morris,Dave Canales,Craig Wrolstad,CAR00,Bank of America Stadium
2025_03_GB_CLE,2025,REG,3,9/21/2025,Sunday,13:00,GB,10,CLE,13,Home,3,23,0,2025092101,59877,,202509210cle,28453,401772842,6768,10,7,-470,360,-8.5,-102,-118,41.5,-115,-105,0,outdoors,grass,79,10,00-0036264,00-0026158,Jordan Love,Joe Flacco,Matt LaFleur,Kevin Stefanski,Carl Cheffers,CLE00,FirstEnergy Stadium
2025_03_HOU_JAX,2025,REG,3,9/21/2025,Sunday,13:00,HOU,10,JAX,17,Home,7,27,0,2025092102,59878,,202509210jax,28454,401772734,6769,6,7,105,-125,1.5,-108,-112,43.5,-115,-105,1,outdoors,grass,85,11,00-0039163,00-0036971,C.J. Stroud,Trevor Lawrence,DeMeco Ryans,Liam Coen,Alex Kemp,JAX00,TIAA Bank Stadium
2025_03_CIN_MIN,2025,REG,3,9/21/2025,Sunday,13:00,CIN,10,MIN,48,Home,38,58,0,2025092103,59879,,202509210min,28455,401772731,6770,7,7,136,-162,3,-110,-110,41.5,-105,-115,0,dome,sportturf,,,00-0035100,00-0032950,Jake Browning,Carson Wentz,Zac Taylor,Kevin O'Connell,Ron Torbert,MIN01,U.S. Bank Stadium
2025_03_PIT_NE,2025,REG,3,9/21/2025,Sunday,13:00,PIT,21,NE,14,Home,-7,35,0,2025092104,59880,,202509210nwe,28456,401772732,6771,7,7,-120,100,-1.5,-105,-115,44.5,-112,-108,0,outdoors,fieldturf,66,5,00-0023459,00-0039851,Aaron Rodgers,Drake Maye,Mike Tomlin,Mike Vrabel,Clete Blakeman,BOS00,Gillette Stadium
2025_03_LA_PHI,2025,REG,3,9/21/2025,Sunday,13:00,LA,26,PHI,33,Home,7,59,0,2025092105,59881,,202509210phi,28457,401772839,6772,7,7,164,-198,3.5,-108,-112,45.5,-108,-112,0,outdoors,grass,73,9,00-0026498,00-0036389,Matthew Stafford,Jalen Hurts,Sean McVay,Nick Sirianni,Brad Rogers,PHI00,Lincoln Financial Field
2025_03_NYJ_TB,2025,REG,3,9/21/2025,Sunday,13:00,NYJ,27,TB,29,Home,2,56,0,2025092106,59882,,202509210tam,28458,401772840,6773,7,6,275,-345,6.5,-105,-115,43.5,-115,-105,0,outdoors,grass,88,5,00-0028118,00-0034855,Tyrod Taylor,Baker Mayfield,Aaron Glenn,Todd Bowles,Adrian Hill,TAM00,Raymond James Stadium
2025_03_IND_TEN,2025,REG,3,9/21/2025,Sunday,13:00,IND,41,TEN,20,Home,-21,61,0,2025092107,59883,,202509210oti,28459,401772733,6774,7,7,-245,200,-6,-108,-112,43.5,-115,-105,1,outdoors,grass,84,8,00-0035710,00-0040676,Daniel Jones,Cam Ward,Shane Steichen,Brian Callahan,Scott Novak,NAS00,Nissan Stadium
2025_03_LV_WAS,2025,REG,3,9/21/2025,Sunday,13:00,LV,24,WAS,41,Home,17,65,0,2025092108,59884,,202509210was,28460,401772841,6775,6,10,130,-155,2.5,100,-120,43.5,-110,-110,0,outdoors,grass,72,6,00-0030565,00-0032268,Geno Smith,Marcus Mariota,Pete Carroll,Dan Quinn,Shawn Hochuli,WAS00,FedExField
2025_03_DEN_LAC,2025,REG,3,9/21/2025,Sunday,16:05,DEN,20,LAC,23,Home,3,43,0,2025092109,59885,,202509210sdg,28461,401772735,6776,7,6,130,-155,2.5,100,-120,45.5,-110,-110,1,dome,matrixturf,,,00-0039732,00-0036355,Bo Nix,Justin Herbert,Sean Payton,Jim Harbaugh,Shawn Smith,LAX01,SoFi Stadium
2025_03_NO_SEA,2025,REG,3,9/21/2025,Sunday,16:05,NO,13,SEA,44,Home,31,57,0,2025092110,59886,,202509210sea,28462,401772736,6777,7,7,295,-375,7.5,-115,-105,41.5,-108,-112,0,outdoors,fieldturf,63,3,00-0039376,00-0034869,Spencer Rattler,Sam Darnold,Kellen Moore,Mike Macdonald,Alex Moore,SEA00,Lumen Field
2025_03_DAL_CHI,2025,REG,3,9/21/2025,Sunday,16:25,DAL,14,CHI,31,Home,17,45,0,2025092111,59887,,202509210chi,28463,401772844,6778,7,7,-125,105,-1.5,-115,-105,49.5,100,-120,0,outdoors,grass,82,4,00-0033077,00-0039918,Dak Prescott,Caleb Williams,Brian Schottenheimer,Ben Johnson,Clay Martin,CHI98,Soldier Field
2025_03_ARI_SF,2025,REG,3,9/21/2025,Sunday,16:25,ARI,15,SF,16,Home,1,31,0,2025092112,59888,,202509210sfo,28464,401772843,6779,7,7,105,-125,1.5,-112,-108,44.5,-112,-108,1,outdoors,grass,72,7,00-0035228,00-0036972,Kyler Murray,Mac Jones,Jonathan Gannon,Kyle Shanahan,John Hussey,SFO01,Levi's Stadium
2025_03_KC_NYG,2025,REG,3,9/21/2025,Sunday,20:20,KC,22,NYG,9,Home,-13,31,0,2025092113,59889,,202509210nyg,28465,401772920,6780,7,7,-325,260,-6,-115,-105,44.5,-105,-115,0,outdoors,fieldturf,65,5,00-0033873,00-0029263,Patrick Mahomes,Russell Wilson,Andy Reid,Brian Daboll,Land Clark,NYC01,MetLife Stadium
2025_03_DET_BAL,2025,REG,3,9/22/2025,Monday,20:15,DET,38,BAL,30,Home,-8,68,0,2025092200,59890,,202509220rav,28451,401772812,6781,8,8,200,-245,4.5,-105,-115,53.5,-105,-115,0,outdoors,grass,74,7,00-0033106,00-0034796,Jared Goff,Lamar Jackson,Dan Campbell,John Harbaugh,Bill Vinovich,BAL00,M&T Bank Stadium
2025_04_SEA_ARI,2025,REG,4,9/25/2025,Thursday,20:15,SEA,23,ARI,20,Home,-3,43,0,2025092500,59891,,202509250crd,28466,401772938,6782,4,4,-125,105,-1.5,-110,-110,43.5,-108,-112,1,closed,grass,,,00-0034869,00-0035228,Sam Darnold,Kyler Murray,Mike Macdonald,Jonathan Gannon,Alex Kemp,PHO00,State Farm Stadium
2025_04_MIN_PIT,2025,REG,4,9/28/2025,Sunday,9:30,MIN,21,PIT,24,Neutral,3,45,0,2025092800,59892,,202509280pit,28467,401772632,6783,7,7,-148,124,-2.5,-125,105,41.5,-115,-105,0,outdoors,grass,61,5,00-0032950,00-0023459,Carson Wentz,Aaron Rodgers,Kevin O'Connell,Mike Tomlin,Brad Allen,PIT00,Acrisure Stadium
2025_04_WAS_ATL,2025,REG,4,9/28/2025,Sunday,13:00,WAS,27,ATL,34,Home,7,61,0,2025092801,59893,,202509280atl,28468,401772739,6784,7,7,120,-142,2.5,-110,-110,43.5,-112,-108,0,closed,fieldturf,,,00-0039910,00-0039917,Jayden Daniels,Michael Penix,Dan Quinn,Raheem Morris,Scott Novak,ATL97,Mercedes-Benz Stadium
2025_04_NO_BUF,2025,REG,4,9/28/2025,Sunday,13:00,NO,19,BUF,31,Home,12,50,0,2025092802,59894,,202509280buf,28469,401772740,6785,7,10,800,-1350,15.5,-115,-105,48.5,-115,-105,0,outdoors,a_turf,73,7,00-0039376,00-0034857,Spencer Rattler,Josh Allen,Kellen Moore,Sean McDermott,Land Clark,BUF00,New Era Field
2025_04_CLE_DET,2025,REG,4,9/28/2025,Sunday,13:00,CLE,10,DET,34,Home,24,44,0,2025092803,59895,,202509280det,28470,401772846,6786,7,6,410,-550,10,-108,-112,44.5,-115,-105,0,dome,fieldturf,,,00-0026158,00-0033106,Joe Flacco,Jared Goff,Kevin Stefanski,Dan Campbell,Shawn Smith,DET00,Ford Field
2025_04_TEN_HOU,2025,REG,4,9/28/2025,Sunday,13:00,TEN,0,HOU,26,Home,26,26,0,2025092804,59896,,202509280htx,28471,401772738,6787,7,7,340,-440,7.5,-115,-105,39.5,-105,-115,1,closed,astroturf,,,00-0040676,00-0039163,Cam Ward,C.J. Stroud,Brian Callahan,DeMeco Ryans,Brad Rogers,HOU00,NRG Stadium
2025_04_CAR_NE,2025,REG,4,9/28/2025,Sunday,13:00,CAR,13,NE,42,Home,29,55,0,2025092805,59897,,202509280nwe,28472,401772847,6788,7,7,215,-265,5.5,-108,-112,42.5,-108,-112,0,outdoors,fieldturf,76,7,00-0039150,00-0039851,Bryce Young,Drake Maye,Dave Canales,Mike Vrabel,Bill Vinovich,BOS00,Gillette Stadium
2025_04_LAC_NYG,2025,REG,4,9/28/2025,Sunday,13:00,LAC,18,NYG,21,Home,3,39,0,2025092806,59898,,202509280nyg,28473,401772737,6789,7,7,-285,230,-6,-112,-108,43.5,-115,-105,0,outdoors,fieldturf,81,4,00-0036355,00-0040691,Justin Herbert,Jaxson Dart,Jim Harbaugh,Brian Daboll,Shawn Hochuli,NYC01,MetLife Stadium
2025_04_PHI_TB,2025,REG,4,9/28/2025,Sunday,13:00,PHI,31,TB,25,Home,-6,56,0,2025092807,59899,,202509280tam,28474,401772845,6790,7,7,-185,154,-3.5,-102,-118,44.5,-118,-102,0,outdoors,grass,88,6,00-0036389,00-0034855,Jalen Hurts,Baker Mayfield,Nick Sirianni,Todd Bowles,Alan Eck,TAM00,Raymond James Stadium
2025_04_IND_LA,2025,REG,4,9/28/2025,Sunday,16:05,IND,20,LA,27,Home,7,47,0,2025092808,59900,,202509280ram,28475,401772849,6791,7,7,154,-185,3.5,-105,-115,49.5,-105,-115,0,dome,matrixturf,,,00-0035710,00-0026498,Daniel Jones,Matthew Stafford,Shane Steichen,Sean McVay,Carl Cheffers,LAX01,SoFi Stadium
2025_04_JAX_SF,2025,REG,4,9/28/2025,Sunday,16:05,JAX,26,SF,21,Home,-5,47,0,2025092809,59901,,202509280sfo,28476,401772848,6792,7,7,150,-180,3.5,-120,100,45.5,-108,-112,0,outdoors,grass,72,7,00-0036971,00-0037834,Trevor Lawrence,Brock Purdy,Liam Coen,Kyle Shanahan,Clete Blakeman,SFO01,Levi's Stadium
2025_04_BAL_KC,2025,REG,4,9/28/2025,Sunday,16:25,BAL,20,KC,37,Home,17,57,0,2025092810,59902,,202509280kan,28478,401772741,6793,6,7,-148,124,-2.5,-120,100,48.5,100,-120,0,outdoors,grass,89,10,00-0034796,00-0033873,Lamar Jackson,Patrick Mahomes,John Harbaugh,Andy Reid,Clay Martin,KAN00,GEHA Field at Arrowhead Stadium
2025_04_CHI_LV,2025,REG,4,9/28/2025,Sunday,16:25,CHI,25,LV,24,Home,-1,49,0,2025092811,59903,,202509280rai,28477,401772742,6794,7,7,105,-125,1.5,-110,-110,47.5,-105,-115,0,dome,grass,,,00-0039918,00-0030565,Caleb Williams,Geno Smith,Ben Johnson,Pete Carroll,Adrian Hill,VEG00,Allegiant Stadium
2025_04_GB_DAL,2025,REG,4,9/28/2025,Sunday,20:20,GB,40,DAL,40,Home,0,80,1,2025092812,59904,,202509280dal,28479,401772921,6795,7,7,-345,275,-7,-105,-115,47.5,-115,-105,0,closed,matrixturf,,,00-0036264,00-0033077,Jordan Love,Dak Prescott,Matt LaFleur,Brian Schottenheimer,Ron Torbert,DAL00,AT&T Stadium
2025_04_NYJ_MIA,2025,REG,4,9/29/2025,Monday,19:15,NYJ,21,MIA,27,Home,6,48,0,2025092900,59905,,202509290mia,28481,401772813,6796,8,11,124,-148,2.5,-105,-115,44.5,-120,100,1,outdoors,grass,88,17,00-0036945,00-0036212,Justin Fields,Tua Tagovailoa,Aaron Glenn,Mike McDaniel,Craig Wrolstad,MIA00,Hard Rock Stadium
2025_04_CIN_DEN,2025,REG,4,9/29/2025,Monday,20:15,CIN,3,DEN,28,Home,25,31,0,2025092901,59906,,202509290den,28480,401772716,6797,8,8,360,-470,7.5,-115,-105,44.5,-115,-105,0,outdoors,grass,66,12,00-0035100,00-0039732,Jake Browning,Bo Nix,Zac Taylor,Sean Payton,Alex Moore,DEN00,Empower Field at Mile High
2025_05_SF_LA,2025,REG,5,10/2/2025,Thursday,20:15,SF,26,LA,23,Home,-3,49,1,2025100200,59907,,202510020ram,28482,401772939,6798,4,4,340,-440,8.5,-110,-110,43.5,-108,-112,1,dome,matrixturf,,,00-0036972,00-0026498,Mac Jones,Matthew Stafford,Kyle Shanahan,Sean McVay,Bill Vinovich,LAX01,SoFi Stadium
2025_05_MIN_CLE,2025,REG,5,10/5/2025,Sunday,9:30,MIN,21,CLE,17,Neutral,-4,38,0,2025100500,59908,,202510050cle,28483,401772633,6799,7,7,-198,164,-3.5,-110,-110,35.5,-112,-108,0,outdoors,grass,61,14,00-0032950,00-0040704,Carson Wentz,Dillon Gabriel,Kevin O'Connell,Kevin Stefanski,Scott Novak,CLE00,FirstEnergy Stadium
2025_05_HOU_BAL,2025,REG,5,10/5/2025,Sunday,13:00,HOU,44,BAL,10,Home,-34,54,0,2025100501,59909,,202510050rav,28484,401772743,6800,7,7,-148,124,-2.5,-118,-102,41.5,-115,-105,0,outdoors,grass,78,2,00-0039163,00-0033662,C.J. Stroud,Cooper Rush,DeMeco Ryans,John Harbaugh,Land Clark,BAL00,M&T Bank Stadium
2025_05_MIA_CAR,2025,REG,5,10/5/2025,Sunday,13:00,MIA,24,CAR,27,Home,3,51,0,2025100502,59910,,202510050car,28485,401772852,6801,6,7,-120,100,-1.5,-105,-115,44.5,-105,-115,0,outdoors,grass,77,8,00-0036212,00-0039150,Tua Tagovailoa,Bryce Young,Mike McDaniel,Dave Canales,Clay Martin,CAR00,Bank of America Stadium
2025_05_LV_IND,2025,REG,5,10/5/2025,Sunday,13:00,LV,6,IND,40,Home,34,46,0,2025100503,59911,,202510050clt,28486,401772851,6802,7,7,285,-360,7,100,-120,46.5,-108,-112,0,closed,fieldturf,,,00-0030565,00-0035710,Geno Smith,Daniel Jones,Pete Carroll,Shane Steichen,Alex Kemp,IND00,Lucas Oil Stadium
2025_05_NYG_NO,2025,REG,5,10/5/2025,Sunday,13:00,NYG,14,NO,26,Home,12,40,0,2025100504,59912,,202510050nor,28487,401772744,6803,7,7,100,-120,1.5,-115,-105,41.5,-105,-115,0,dome,sportturf,,,00-0040691,00-0039376,Jaxson Dart,Spencer Rattler,Brian Daboll,Kellen Moore,Alan Eck,NOR00,Mercedes-Benz Superdome
2025_05_DAL_NYJ,2025,REG,5,10/5/2025,Sunday,13:00,DAL,37,NYJ,22,Home,-15,59,0,2025100505,59913,,202510050nyj,28488,401772850,6804,7,6,-105,-115,1.5,-120,100,48.5,-110,-110,0,outdoors,fieldturf,82,3,00-0033077,00-0036945,Dak Prescott,Justin Fields,Brian Schottenheimer,Aaron Glenn,Alex Moore,NYC01,MetLife Stadium
2025_05_DEN_PHI,2025,REG,5,10/5/2025,Sunday,13:00,DEN,21,PHI,17,Home,-4,38,0,2025100506,59914,,202510050phi,28489,401772745,6805,6,7,180,-218,3.5,-105,-115,44.5,-115,-105,0,outdoors,grass,80,6,00-0039732,00-0036389,Bo Nix,Jalen Hurts,Sean Payton,Nick Sirianni,Adrian Hill,PHI00,Lincoln Financial Field
2025_05_TEN_ARI,2025,REG,5,10/5/2025,Sunday,16:05,TEN,22,ARI,21,Home,-1,43,0,2025100507,59915,,202510050crd,28491,401772747,6806,7,10,330,-425,7.5,-108,-112,41.5,-110,-110,0,closed,grass,,,00-0040676,00-0035228,Cam Ward,Kyler Murray,Brian Callahan,Jonathan Gannon,Shawn Smith,PHO00,State Farm Stadium
2025_05_TB_SEA,2025,REG,5,10/5/2025,Sunday,16:05,TB,38,SEA,35,Home,-3,73,0,2025100508,59916,,202510050sea,28490,401772746,6807,7,10,150,-180,3.5,-115,-105,44.5,-110,-110,0,outdoors,fieldturf,61,8,00-0034855,00-0034869,Baker Mayfield,Sam Darnold,Todd Bowles,Mike Macdonald,Craig Wrolstad,SEA00,Lumen Field
2025_05_DET_CIN,2025,REG,5,10/5/2025,Sunday,16:25,DET,37,CIN,24,Home,-13,61,0,2025100509,59917,,202510050cin,28492,401772854,6808,7,6,-575,425,-10.5,-102,-118,49.5,-112,-108,0,outdoors,fieldturf,84,7,00-0033106,00-0035100,Jared Goff,Jake Browning,Dan Campbell,Zac Taylor,Carl Cheffers,CIN00,Paycor Stadium
2025_05_WAS_LAC,2025,REG,5,10/5/2025,Sunday,16:25,WAS,27,LAC,10,Home,-17,37,0,2025100510,59918,,202510050sdg,28493,401772853,6809,7,7,130,-155,2.5,100,-120,47.5,-115,-105,0,dome,matrixturf,,,00-0039910,00-0036355,Jayden Daniels,Justin Herbert,Dan Quinn,Jim Harbaugh,John Hussey,LAX01,SoFi Stadium
2025_05_NE_BUF,2025,REG,5,10/5/2025,Sunday,20:20,NE,23,BUF,20,Home,-3,43,0,2025100511,59919,,202510050buf,28494,401772922,6810,7,7,310,-395,7.5,-105,-115,49.5,-108,-112,1,outdoors,a_turf,66,3,00-0039851,00-0034857,Drake Maye,Josh Allen,Mike Vrabel,Sean McDermott,Shawn Hochuli,BUF00,New Era Field
2025_05_KC_JAX,2025,REG,5,10/6/2025,Monday,20:15,KC,28,JAX,31,Home,3,59,0,2025100600,59920,,202510060jax,28495,401772814,6811,8,8,-198,164,-3.5,-110,-110,45.5,-108,-112,0,outdoors,grass,80,12,00-0033873,00-0036971,Patrick Mahomes,Trevor Lawrence,Andy Reid,Liam Coen,Brad Rogers,JAX00,TIAA Bank Stadium
2025_06_PHI_NYG,2025,REG,6,10/9/2025,Thursday,20:15,PHI,17,NYG,34,Home,17,51,0,2025100900,59921,,202510090nyg,28496,401772940,6812,4,4,-395,310,-7,-120,100,40.5,-105,-115,1,outdoors,fieldturf,53,3,00-0036389,00-0040691,Jalen Hurts,Jaxson Dart,Nick Sirianni,Brian Daboll,Clete Blakeman,NYC01,MetLife Stadium
2025_06_DEN_NYJ,2025,REG,6,10/12/2025,Sunday,9:30,DEN,13,NYJ,11,Neutral,-2,24,0,2025101200,59922,,202510120nyj,28497,401772634,6813,7,7,-395,310,-7.5,100,-120,43.5,-112,-108,0,outdoors,grass,59,6,00-0039732,00-0036945,Bo Nix,Justin Fields,Sean Payton,Aaron Glenn,Land Clark,NYC01,MetLife Stadium
2025_06_LA_BAL,2025,REG,6,10/12/2025,Sunday,13:00,LA,17,BAL,3,Home,-14,20,0,2025101201,59923,,202510120rav,28498,401772855,6814,10,7,-355,280,-7,-105,-115,43.5,-108,-112,0,outdoors,grass,64,15,00-0026498,00-0033662,Matthew Stafford,Cooper Rush,Sean McVay,John Harbaugh,Alex Kemp,BAL00,M&T Bank Stadium
2025_06_DAL_CAR,2025,REG,6,10/12/2025,Sunday,13:00,DAL,27,CAR,30,Home,3,57,0,2025101202,59924,,202510120car,28499,401772858,6815,7,7,-175,145,-3,-118,-102,47.5,-105,-115,0,outdoors,grass,68,15,00-0033077,00-0039150,Dak Prescott,Bryce Young,Brian Schottenheimer,Dave Canales,John Hussey,CAR00,Bank of America Stadium
2025_06_ARI_IND,2025,REG,6,10/12/2025,Sunday,13:00,ARI,27,IND,31,Home,4,58,0,2025101203,59925,,202510120clt,28500,401772856,6816,7,7,360,-470,8.5,-110,-110,46.5,-122,102,0,closed,fieldturf,,,00-0033119,00-0035710,Jacoby Brissett,Daniel Jones,Jonathan Gannon,Shane Steichen,Shawn Hochuli,IND00,Lucas Oil Stadium
2025_06_SEA_JAX,2025,REG,6,10/12/2025,Sunday,13:00,SEA,20,JAX,12,Home,-8,32,0,2025101204,59926,,202510120jax,28501,401772857,6817,7,6,-115,-105,-1.5,100,-120,47.5,-115,-105,0,outdoors,grass,76,8,00-0034869,00-0036971,Sam Darnold,Trevor Lawrence,Mike Macdonald,Liam Coen,Clay Martin,JAX00,TIAA Bank Stadium
2025_06_LAC_MIA,2025,REG,6,10/12/2025,Sunday,13:00,LAC,29,MIA,27,Home,-2,56,0,2025101205,59927,,202510120mia,28502,401772750,6818,7,7,-205,170,-3.5,-115,-105,45.5,-115,-105,0,outdoors,grass,85,4,00-0036355,00-0036212,Justin Herbert,Tua Tagovailoa,Jim Harbaugh,Mike McDaniel,Bill Vinovich,MIA00,Hard Rock Stadium
2025_06_NE_NO,2025,REG,6,10/12/2025,Sunday,13:00,NE,25,NO,19,Home,-6,44,0,2025101210,59932,,202510120nor,28507,401772751,6823,7,7,-192,160,-3.5,-105,-115,46.5,-115,-105,0,dome,sportturf,,,00-0039851,00-0039376,Drake Maye,Spencer Rattler,Mike Vrabel,Kellen Moore,Adrian Hill,NOR00,Mercedes-Benz Superdome
2025_06_CLE_PIT,2025,REG,6,10/12/2025,Sunday,13:00,CLE,9,PIT,23,Home,14,32,0,2025101206,59928,,202510120pit,28503,401772748,6819,7,14,225,-278,5.5,100,-120,37.5,100,-120,1,outdoors,grass,64,8,00-0040704,00-0023459,Dillon Gabriel,Aaron Rodgers,Kevin Stefanski,Mike Tomlin,Ron Torbert,PIT00,Acrisure Stadium
2025_06_TEN_LV,2025,REG,6,10/12/2025,Sunday,16:05,TEN,10,LV,20,Home,10,30,0,2025101208,59930,,202510120rai,28505,401772859,6821,7,7,154,-185,3.5,-110,-110,41.5,-105,-115,0,dome,grass,,,00-0040676,00-0030565,Cam Ward,Geno Smith,Brian Callahan,Pete Carroll,Carl Cheffers,VEG00,Allegiant Stadium
2025_06_CIN_GB,2025,REG,6,10/12/2025,Sunday,16:25,CIN,18,GB,27,Home,9,45,0,2025101209,59931,,202510120gnb,28506,401772752,6822,7,14,650,-1000,14,-110,-110,44.5,-110,-110,0,outdoors,grass,64,14,00-0026158,00-0036264,Joe Flacco,Jordan Love,Zac Taylor,Matt LaFleur,Brad Allen,GNB00,Lambeau Field
2025_06_SF_TB,2025,REG,6,10/12/2025,Sunday,16:25,SF,19,TB,30,Home,11,49,0,2025101207,59929,,202510120tam,28504,401772749,6820,10,7,160,-192,3.5,-105,-115,46.5,-105,-115,0,outdoors,grass,82,10,00-0036972,00-0034855,Mac Jones,Baker Mayfield,Kyle Shanahan,Todd Bowles,Brad Rogers,TAM00,Raymond James Stadium
2025_06_DET_KC,2025,REG,6,10/12/2025,Sunday,20:20,DET,17,KC,30,Home,13,47,0,2025101211,59933,,202510120kan,28508,401772923,6824,7,6,120,-142,2.5,-105,-115,51.5,-105,-115,0,outdoors,grass,85,13,00-0033106,00-0033873,Jared Goff,Patrick Mahomes,Dan Campbell,Andy Reid,Craig Wrolstad,KAN00,GEHA Field at Arrowhead Stadium
2025_06_BUF_ATL,2025,REG,6,10/13/2025,Monday,19:15,BUF,14,ATL,24,Home,10,38,0,2025101300,59934,,202510130atl,28509,401772815,6825,8,15,-205,170,-3.5,-120,100,49.5,-102,-118,0,closed,fieldturf,,,00-0034857,00-0039917,Josh Allen,Michael Penix,Sean McDermott,Raheem Morris,Shawn Smith,ATL97,Mercedes-Benz Stadium
2025_06_CHI_WAS,2025,REG,6,10/13/2025,Monday,20:15,CHI,25,WAS,24,Home,-1,49,0,2025101301,59935,,202510130was,28510,401772717,6826,15,8,210,-258,5.5,-108,-112,49.5,-105,-115,0,outdoors,grass,59,12,00-0039918,00-0039910,Caleb Williams,Jayden Daniels,Ben Johnson,Dan Quinn,Alex Moore,WAS00,FedExField
2025_07_PIT_CIN,2025,REG,7,10/16/2025,Thursday,20:15,PIT,31,CIN,33,Home,2,64,0,2025101600,59936,,202510160cin,28511,401772941,6827,4,4,-245,200,-5.5,-105,-115,45.5,-115,-105,1,outdoors,fieldturf,60,5,00-0023459,00-0026158,Aaron Rodgers,Joe Flacco,Mike Tomlin,Zac Taylor,Clay Martin,CIN00,Paycor Stadium
2025_07_LA_JAX,2025,REG,7,10/19/2025,Sunday,9:30,LA,35,JAX,7,Neutral,-28,42,0,2025101900,59937,,202510190jax,28512,401772635,6828,7,7,-166,140,-3,-115,-105,44.5,-105,-115,0,outdoors,grass,59,9,00-0026498,00-0036971,Matthew Stafford,Trevor Lawrence,Sean McVay,Liam Coen,Adrian Hill,JAX00,TIAA Bank Stadium
2025_07_NO_CHI,2025,REG,7,10/19/2025,Sunday,13:00,NO,14,CHI,26,Home,12,40,0,2025101901,59938,,202510190chi,28513,401772861,6829,7,6,185,-225,4.5,-120,100,43.5,-110,-110,0,outdoors,grass,49,8,00-0039376,00-0039918,Spencer Rattler,Caleb Williams,Kellen Moore,Ben Johnson,Scott Novak,CHI98,Soldier Field
2025_07_MIA_CLE,2025,REG,7,10/19/2025,Sunday,13:00,MIA,6,CLE,31,Home,25,37,0,2025101902,59939,,202510190cle,28514,401772754,6830,7,7,124,-148,2.5,-102,-118,34.5,-112,-108,0,outdoors,grass,65,17,00-0036212,00-0040704,Tua Tagovailoa,Dillon Gabriel,Mike McDaniel,Kevin Stefanski,Shawn Hochuli,CLE00,FirstEnergy Stadium
2025_07_LV_KC,2025,REG,7,10/19/2025,Sunday,13:00,LV,0,KC,31,Home,31,31,0,2025101903,59940,,202510190kan,28515,401772753,6831,7,7,625,-950,13.5,-115,-105,44.5,-115,-105,1,outdoors,grass,57,9,00-0030565,00-0033873,Geno Smith,Patrick Mahomes,Pete Carroll,Andy Reid,Clete Blakeman,KAN00,GEHA Field at Arrowhead Stadium
2025_07_PHI_MIN,2025,REG,7,10/19/2025,Sunday,13:00,PHI,28,MIN,22,Home,-6,50,0,2025101904,59941,,202510190min,28516,401772862,6832,10,14,-148,124,-2.5,-110,-110,43.5,-105,-115,0,dome,sportturf,,,00-0036389,00-0032950,Jalen Hurts,Carson Wentz,Nick Sirianni,Kevin O'Connell,Bill Vinovich,MIN01,U.S. Bank Stadium
2025_07_CAR_NYJ,2025,REG,7,10/19/2025,Sunday,13:00,CAR,13,NYJ,6,Home,-7,19,0,2025101905,59942,,202510190nyj,28517,401772860,6833,7,7,-108,-112,1.5,-125,105,39.5,-102,-118,0,outdoors,fieldturf,71,13,00-0039150,00-0036945,Bryce Young,Justin Fields,Dave Canales,Aaron Glenn,Brad Rogers,NYC01,MetLife Stadium
2025_07_NE_TEN,2025,REG,7,10/19/2025,Sunday,13:00,NE,31,TEN,13,Home,-18,44,0,2025101906,59943,,202510190oti,28518,401772755,6834,7,7,-290,235,-6.5,-108,-112,40.5,-108,-112,0,outdoors,grass,60,18,00-0039851,00-0040676,Drake Maye,Cam Ward,Mike Vrabel,Brian Callahan,Craig Wrolstad,NAS00,Nissan Stadium
2025_07_NYG_DEN,2025,REG,7,10/19/2025,Sunday,16:05,NYG,32,DEN,33,Home,1,65,0,2025101907,59944,,202510190den,28519,401772757,6835,10,7,330,-425,7.5,-105,-115,39.5,-105,-115,0,outdoors,grass,72,3,00-0040691,00-0039732,Jaxson Dart,Bo Nix,Brian Daboll,Sean Payton,Brad Allen,DEN00,Empower Field at Mile High
2025_07_IND_LAC,2025,REG,7,10/19/2025,Sunday,16:05,IND,38,LAC,24,Home,-14,62,0,2025101908,59945,,202510190sdg,28520,401772756,6836,7,7,114,-135,2.5,-108,-112,48.5,-110,-110,0,dome,matrixturf,,,00-0035710,00-0036355,Daniel Jones,Justin Herbert,Shane Steichen,Jim Harbaugh,Alan Eck,LAX01,SoFi Stadium
2025_07_GB_ARI,2025,REG,7,10/19/2025,Sunday,16:25,GB,27,ARI,23,Home,-4,50,0,2025101909,59946,,202510190crd,28521,401772863,6837,7,7,-395,310,-7,-115,-105,44.5,-110,-110,0,closed,grass,,,00-0036264,00-0033119,Jordan Love,Jacoby Brissett,Matt LaFleur,Jonathan Gannon,Alex Moore,PHO00,State Farm Stadium
2025_07_WAS_DAL,2025,REG,7,10/19/2025,Sunday,16:25,WAS,22,DAL,44,Home,22,66,0,2025101910,59947,,202510190dal,28522,401772864,6838,6,7,105,-125,1.5,-108,-112,54.5,-108,-112,1,closed,matrixturf,,,00-0039910,00-0033077,Jayden Daniels,Dak Prescott,Dan Quinn,Brian Schottenheimer,Alex Kemp,DAL00,AT&T Stadium
2025_07_ATL_SF,2025,REG,7,10/19/2025,Sunday,20:20,ATL,10,SF,20,Home,10,30,0,2025101911,59948,,202510190sfo,28523,401772924,6839,6,7,-105,-115,1.5,-120,100,46.5,-112,-108,0,outdoors,grass,74,5,00-0039917,00-0036972,Michael Penix,Mac Jones,Raheem Morris,Kyle Shanahan,Ron Torbert,SFO01,Levi's Stadium
2025_07_TB_DET,2025,REG,7,10/20/2025,Monday,19:00,TB,9,DET,24,Home,15,33,0,2025102000,59949,,202510200det,28524,401772816,6841,8,8,225,-278,6,-112,-108,54.5,-115,-105,0,dome,fieldturf,,,00-0034855,00-0033106,Baker Mayfield,Jared Goff,Todd Bowles,Dan Campbell,John Hussey,DET00,Ford Field
2025_07_HOU_SEA,2025,REG,7,10/20/2025,Monday,22:00,HOU,19,SEA,27,Home,8,46,0,2025102001,59950,,202510200sea,28525,401772826,6840,15,8,140,-166,3,-110,-110,41.5,-110,-110,0,outdoors,fieldturf,56,5,00-0039163,00-0034869,C.J. Stroud,Sam Darnold,DeMeco Ryans,Mike Macdonald,Carl Cheffers,SEA00,Lumen Field
2025_08_MIN_LAC,2025,REG,8,10/23/2025,Thursday,20:15,MIN,10,LAC,37,Home,27,47,0,2025102300,59951,,202510230sdg,28526,401772942,6842,4,4,142,-170,3,100,-120,45.5,-110,-110,0,dome,matrixturf,,,00-0032950,00-0036355,Carson Wentz,Justin Herbert,Kevin O'Connell,Jim Harbaugh,Clete Blakeman,LAX01,SoFi Stadium
2025_08_MIA_ATL,2025,REG,8,10/26/2025,Sunday,13:00,MIA,34,ATL,10,Home,-24,44,0,2025102600,59952,,202510260atl,28527,401772760,6843,7,7,280,-355,7,-115,-105,44.5,-115,-105,0,closed,fieldturf,,,00-0036212,00-0029604,Tua Tagovailoa,Kirk Cousins,Mike McDaniel,Raheem Morris,John Hussey,ATL97,Mercedes-Benz Stadium
2025_08_CHI_BAL,2025,REG,8,10/26/2025,Sunday,13:00,CHI,16,BAL,30,Home,14,46,0,2025102601,59953,,202510260rav,28528,401772759,6844,7,14,124,-148,2.5,-102,-118,45.5,-112,-108,0,outdoors,grass,60,2,00-0039918,00-0035993,Caleb Williams,Tyler Huntley,Ben Johnson,John Harbaugh,Shawn Smith,BAL00,M&T Bank Stadium
2025_08_BUF_CAR,2025,REG,8,10/26/2025,Sunday,13:00,BUF,40,CAR,9,Home,-31,49,0,2025102602,59954,,202510260car,28529,401772865,6845,13,7,-395,310,-7,-115,-105,47.5,-108,-112,0,outdoors,grass,63,9,00-0034857,00-0039150,Josh Allen,Bryce Young,Sean McDermott,Dave Canales,Craig Wrolstad,CAR00,Bank of America Stadium
2025_08_NYJ_CIN,2025,REG,8,10/26/2025,Sunday,13:00,NYJ,39,CIN,38,Home,-1,77,0,2025102603,59955,,202510260cin,28530,401772758,6846,7,10,210,-258,5.5,-112,-108,43.5,-102,-118,0,outdoors,fieldturf,57,8,00-0036945,00-0026158,Justin Fields,Joe Flacco,Aaron Glenn,Zac Taylor,Scott Novak,CIN00,Paycor Stadium
2025_08_SF_HOU,2025,REG,8,10/26/2025,Sunday,13:00,SF,15,HOU,26,Home,11,41,0,2025102604,59956,,202510260htx,28531,401772866,6847,7,6,130,-155,2.5,100,-120,41.5,-112,-108,0,closed,astroturf,,,00-0036972,00-0039163,Mac Jones,C.J. Stroud,Kyle Shanahan,DeMeco Ryans,Alan Eck,HOU00,NRG Stadium
2025_08_CLE_NE,2025,REG,8,10/26/2025,Sunday,13:00,CLE,13,NE,32,Home,19,45,0,2025102605,59957,,202510260nwe,28532,401772868,6848,7,7,300,-380,7,-115,-105,40.5,-115,-105,0,outdoors,fieldturf,53,7,00-0040704,00-0039851,Dillon Gabriel,Drake Maye,Kevin Stefanski,Mike Vrabel,Alex Moore,BOS00,Gillette Stadium
2025_08_NYG_PHI,2025,REG,8,10/26/2025,Sunday,13:00,NYG,20,PHI,38,Home,18,58,0,2025102606,59958,,202510260phi,28533,401772867,6849,7,7,300,-380,7,-102,-118,43.5,-108,-112,1,outdoors,grass,60,4,00-0040691,00-0036389,Jaxson Dart,Jalen Hurts,Brian Daboll,Nick Sirianni,Brad Rogers,PHI00,Lincoln Financial Field
2025_08_TB_NO,2025,REG,8,10/26/2025,Sunday,16:05,TB,23,NO,3,Home,-20,26,0,2025102607,59959,,202510260nor,28534,401772869,6850,6,7,-218,180,-4.5,-105,-115,46.5,-110,-110,1,dome,sportturf,,,00-0034855,00-0039376,Baker Mayfield,Spencer Rattler,Todd Bowles,Kellen Moore,Ron Torbert,NOR00,Mercedes-Benz Superdome
2025_08_DAL_DEN,2025,REG,8,10/26/2025,Sunday,16:25,DAL,24,DEN,44,Home,20,68,0,2025102608,59960,,202510260den,28535,401772762,6851,7,7,160,-192,3.5,-110,-110,51.5,-110,-110,0,outdoors,grass,67,4,00-0033077,00-0039732,Dak Prescott,Bo Nix,Brian Schottenheimer,Sean Payton,Carl Cheffers,DEN00,Empower Field at Mile High
2025_08_TEN_IND,2025,REG,8,10/26/2025,Sunday,16:25,TEN,14,IND,38,Home,24,52,0,2025102609,59961,,202510260clt,28536,401772761,6852,7,7,950,-1650,15.5,-115,-105,47.5,-102,-118,1,closed,fieldturf,,,00-0040676,00-0035710,Cam Ward,Daniel Jones,Brian Callahan,Shane Steichen,Land Clark,IND00,Lucas Oil Stadium
2025_08_GB_PIT,2025,REG,8,10/26/2025,Sunday,20:20,GB,35,PIT,25,Home,-10,60,0,2025102610,59962,,202510260pit,28537,401772925,6853,7,10,-155,130,-3,100,-120,46.5,-115,-105,0,outdoors,grass,46,5,00-0036264,00-0023459,Jordan Love,Aaron Rodgers,Matt LaFleur,Mike Tomlin,Shawn Hochuli,PIT00,Acrisure Stadium
2025_08_WAS_KC,2025,REG,8,10/27/2025,Monday,20:15,WAS,7,KC,28,Home,21,35,0,2025102700,59963,,202510270kan,28538,401772817,6854,8,8,500,-700,10.5,-105,-115,48.5,-115,-105,0,outdoors,grass,54,8,00-0039910,00-0033873,Jayden Daniels,Patrick Mahomes,Dan Quinn,Andy Reid,Brad Allen,KAN00,GEHA Field at Arrowhead Stadium
2025_09_BAL_MIA,2025,REG,9,10/30/2025,Thursday,20:15,BAL,28,MIA,6,Home,-22,34,0,2025103000,59964,,202510300mia,28539,401772943,6855,4,4,-455,350,-7.5,-120,100,51.5,-110,-110,0,outdoors,grass,73,5,00-0034796,00-0036212,Lamar Jackson,Tua Tagovailoa,John Harbaugh,Mike McDaniel,Scott Novak,MIA00,Hard Rock Stadium
2025_09_CHI_CIN,2025,REG,9,11/2/2025,Sunday,13:00,CHI,47,CIN,42,Home,-5,89,0,2025110200,59965,,202511020cin,28540,401772765,6856,7,7,-162,136,-3,-105,-115,51.5,-108,-112,0,outdoors,fieldturf,50,6,00-0039918,00-0026158,Caleb Williams,Joe Flacco,Ben Johnson,Zac Taylor,Clete Blakeman,CIN00,Paycor Stadium
2025_09_MIN_DET,2025,REG,9,11/2/2025,Sunday,13:00,MIN,27,DET,24,Home,-3,51,0,2025110201,59966,,202511020det,28541,401772871,6857,10,13,410,-550,9.5,-108,-112,47.5,-105,-115,1,dome,fieldturf,,,00-0039923,00-0033106,J.J. McCarthy,Jared Goff,Kevin O'Connell,Dan Campbell,Clay Martin,DET00,Ford Field
2025_09_CAR_GB,2025,REG,9,11/2/2025,Sunday,13:00,CAR,16,GB,13,Home,-3,29,0,2025110202,59967,,202511020gnb,28542,401772872,6858,7,7,650,-1000,12.5,-102,-118,43.5,-115,-105,0,outdoors,grass,47,15,00-0039150,00-0036264,Bryce Young,Jordan Love,Dave Canales,Matt LaFleur,Land Clark,GNB00,Lambeau Field
2025_09_DEN_HOU,2025,REG,9,11/2/2025,Sunday,13:00,DEN,18,HOU,15,Home,-3,33,0,2025110203,59968,,202511020htx,28543,401772870,6859,7,7,105,-125,1.5,-110,-110,40.5,-105,-115,0,closed,astroturf,,,00-0039732,00-0039163,Bo Nix,C.J. Stroud,Sean Payton,DeMeco Ryans,Ron Torbert,HOU00,NRG Stadium
2025_09_ATL_NE,2025,REG,9,11/2/2025,Sunday,13:00,ATL,23,NE,24,Home,1,47,0,2025110204,59969,,202511020nwe,28544,401772763,6860,7,7,205,-250,5.5,-110,-110,45.5,-112,-108,0,outdoors,fieldturf,52,7,00-0039917,00-0039851,Michael Penix,Drake Maye,Raheem Morris,Mike Vrabel,Brad Allen,BOS00,Gillette Stadium
2025_09_SF_NYG,2025,REG,9,11/2/2025,Sunday,13:00,SF,34,NYG,24,Home,-10,58,0,2025110205,59970,,202511020nyg,28545,401772767,6861,7,7,-148,124,-2.5,-120,100,47.5,-108,-112,0,outdoors,fieldturf,56,5,00-0036972,00-0040691,Mac Jones,Jaxson Dart,Kyle Shanahan,Brian Daboll,John Hussey,NYC01,MetLife Stadium
2025_09_IND_PIT,2025,REG,9,11/2/2025,Sunday,13:00,IND,20,PIT,27,Home,7,47,0,2025110206,59971,,202511020pit,28546,401772766,6862,7,7,-185,154,-3.5,100,-120,51.5,-105,-115,0,outdoors,grass,56,2,00-0035710,00-0023459,Daniel Jones,Aaron Rodgers,Shane Steichen,Mike Tomlin,Craig Wrolstad,PIT00,Acrisure Stadium
2025_09_LAC_TEN,2025,REG,9,11/2/2025,Sunday,13:00,LAC,27,TEN,20,Home,-7,47,0,2025110207,59972,,202511020oti,28547,401772764,6863,10,7,-650,470,-10,-112,-108,44.5,-110,-110,0,outdoors,grass,46,5,00-0036355,00-0040676,Justin Herbert,Cam Ward,Jim Harbaugh,Brian Callahan,Alex Kemp,NAS00,Nissan Stadium
2025_09_NO_LA,2025,REG,9,11/2/2025,Sunday,16:05,NO,10,LA,34,Home,24,44,0,2025110208,59973,,202511020ram,28548,401772874,6864,7,14,750,-1200,14,-105,-115,44.5,-105,-115,0,dome,matrixturf,,,00-0040743,00-0026498,Tyler Shough,Matthew Stafford,Kellen Moore,Sean McVay,Shawn Smith,LAX01,SoFi Stadium
2025_09_JAX_LV,2025,REG,9,11/2/2025,Sunday,16:05,JAX,30,LV,29,Home,-1,59,1,2025110209,59974,,202511020rai,28549,401772873,6865,14,14,-130,110,-2.5,-105,-115,43.5,-105,-115,0,dome,grass,,,00-0036971,00-0030565,Trevor Lawrence,Geno Smith,Liam Coen,Pete Carroll,Alan Eck,VEG00,Allegiant Stadium
2025_09_KC_BUF,2025,REG,9,11/2/2025,Sunday,16:25,KC,21,BUF,28,Home,7,49,0,2025110210,59975,,202511020buf,28550,401772768,6866,6,7,-135,114,-2.5,-105,-115,53.5,-115,-105,0,outdoors,a_turf,54,6,00-0033873,00-0034857,Patrick Mahomes,Josh Allen,Andy Reid,Sean McDermott,Carl Cheffers,BUF00,New Era Field
2025_09_SEA_WAS,2025,REG,9,11/2/2025,Sunday,20:20,SEA,38,WAS,14,Home,-24,52,0,2025110211,59976,,202511020was,28551,401772926,6867,13,6,-148,124,-2.5,-120,100,47.5,-115,-105,0,outdoors,grass,53,3,00-0034869,00-0039910,Sam Darnold,Jayden Daniels,Mike Macdonald,Dan Quinn,Bill Vinovich,WAS00,FedExField
2025_09_ARI_DAL,2025,REG,9,11/3/2025,Monday,20:15,ARI,27,DAL,17,Home,-10,44,0,2025110300,59977,,202511030dal,28552,401772818,6868,15,8,145,-175,3.5,-115,-105,53.5,-105,-115,0,closed,matrixturf,,,00-0033119,00-0033077,Jacoby Brissett,Dak Prescott,Jonathan Gannon,Brian Schottenheimer,Adrian Hill,DAL00,AT&T Stadium
2025_10_LV_DEN,2025,REG,10,11/6/2025,Thursday,20:15,LV,7,DEN,10,Home,3,17,0,2025110600,59978,,202511060den,28553,401772944,6869,4,4,380,-500,9.5,-112,-108,42.5,-110,-110,1,outdoors,grass,60,10,00-0030565,00-0039732,Geno Smith,Bo Nix,Pete Carroll,Sean Payton,Bill Vinovich,DEN00,Empower Field at Mile High
2025_10_ATL_IND,2025,REG,10,11/9/2025,Sunday,9:30,ATL,25,IND,31,Neutral,6,56,1,2025110900,59979,,202511090clt,28554,401772636,6870,7,7,250,-310,6.5,-112,-108,48.5,-112,-108,0,closed,grass,46,2,00-0039917,00-0035710,Michael Penix,Daniel Jones,Raheem Morris,Shane Steichen,Clete Blakeman,IND00,Lucas Oil Stadium
2025_10_NO_CAR,2025,REG,10,11/9/2025,Sunday,13:00,NO,17,CAR,7,Home,-10,24,0,2025110901,59980,,202511090car,28555,401772877,6871,7,7,200,-245,5.5,-112,-108,38.5,-105,-115,1,outdoors,grass,73,15,00-0040743,00-0039150,Tyler Shough,Bryce Young,Kellen Moore,Dave Canales,Brad Allen,CAR00,Bank of America Stadium
2025_10_NYG_CHI,2025,REG,10,11/9/2025,Sunday,13:00,NYG,20,CHI,24,Home,4,44,0,2025110902,59981,,202511090chi,28556,401772875,6872,7,7,180,-218,4.5,-108,-112,45.5,-112,-108,0,outdoors,grass,33,10,00-0040691,00-0039918,Jaxson Dart,Caleb Williams,Brian Daboll,Ben Johnson,Adrian Hill,CHI98,Soldier Field
2025_10_JAX_HOU,2025,REG,10,11/9/2025,Sunday,13:00,JAX,29,HOU,36,Home,7,65,0,2025110903,59982,,202511090htx,28557,401772770,6873,7,7,-115,-105,-1.5,100,-120,37.5,-112,-108,1,closed,astroturf,,,00-0036971,00-0036898,Trevor Lawrence,Davis Mills,Liam Coen,DeMeco Ryans,Alex Moore,HOU00,NRG Stadium
2025_10_BUF_MIA,2025,REG,10,11/9/2025,Sunday,13:00,BUF,13,MIA,30,Home,17,43,0,2025110904,59983,,202511090mia,28558,401772771,6874,7,10,-455,350,-8.5,-105,-115,50.5,-115,-105,1,outdoors,grass,84,6,00-0034857,00-0036212,Josh Allen,Tua Tagovailoa,Sean McDermott,Mike McDaniel,Ron Torbert,MIA00,Hard Rock Stadium
2025_10_BAL_MIN,2025,REG,10,11/9/2025,Sunday,13:00,BAL,27,MIN,19,Home,-8,46,0,2025110905,59984,,202511090min,28559,401772876,6875,10,7,-230,190,-4.5,-105,-115,48.5,-105,-115,0,dome,sportturf,,,00-0034796,00-0039923,Lamar Jackson,J.J. McCarthy,John Harbaugh,Kevin O'Connell,Shawn Hochuli,MIN01,U.S. Bank Stadium
2025_10_CLE_NYJ,2025,REG,10,11/9/2025,Sunday,13:00,CLE,20,NYJ,27,Home,7,47,0,2025110906,59985,,202511090nyj,28560,401772769,6876,14,14,-130,110,-1.5,-115,-105,37.5,-115,-105,0,outdoors,fieldturf,62,12,00-0040704,00-0028118,Dillon Gabriel,Tyrod Taylor,Kevin Stefanski,Aaron Glenn,Shawn Smith,NYC01,MetLife Stadium
2025_10_NE_TB,2025,REG,10,11/9/2025,Sunday,13:00,NE,28,TB,23,Home,-5,51,0,2025110907,59986,,202511090tam,28561,401772772,6877,7,14,124,-148,2.5,100,-120,48.5,-105,-115,0,outdoors,grass,82,11,00-0039851,00-0034855,Drake Maye,Baker Mayfield,Mike Vrabel,Todd Bowles,Alex Kemp,TAM00,Raymond James Stadium
2025_10_ARI_SEA,2025,REG,10,11/9/2025,Sunday,16:05,ARI,22,SEA,44,Home,22,66,0,2025110908,59987,,202511090sea,28562,401772773,6878,6,7,270,-340,7,-115,-105,44.5,-102,-118,1,outdoors,fieldturf,59,5,00-0033119,00-0034869,Jacoby Brissett,Sam Darnold,Jonathan Gannon,Mike Macdonald,Alan Eck,SEA00,Lumen Field
2025_10_LA_SF,2025,REG,10,11/9/2025,Sunday,16:25,LA,42,SF,26,Home,-16,68,0,2025110909,59988,,202511090sfo,28563,401772879,6879,7,7,-258,210,-5.5,-115,-105,49.5,-110,-110,1,outdoors,grass,77,3,00-0026498,00-0036972,Matthew Stafford,Mac Jones,Sean McVay,Kyle Shanahan,Land Clark,SFO01,Levi's Stadium
2025_10_DET_WAS,2025,REG,10,11/9/2025,Sunday,16:25,DET,44,WAS,22,Home,-22,66,0,2025110910,59989,,202511090was,28564,401772878,6880,7,7,-455,350,-8.5,-105,-115,49.5,-112,-108,0,outdoors,grass,64,9,00-0033106,00-0032268,Jared Goff,Marcus Mariota,Dan Campbell,Dan Quinn,Scott Novak,WAS00,FedExField
2025_10_PIT_LAC,2025,REG,10,11/9/2025,Sunday,20:20,PIT,10,LAC,25,Home,15,35,0,2025110911,59990,,202511090sdg,28565,401772927,6881,7,7,136,-162,3,-118,-102,45.5,-115,-105,0,dome,matrixturf,,,00-0023459,00-0036355,Aaron Rodgers,Justin Herbert,Mike Tomlin,Jim Harbaugh,Brad Rogers,LAX01,SoFi Stadium
2025_10_PHI_GB,2025,REG,10,11/10/2025,Monday,20:15,PHI,10,GB,7,Home,-3,17,0,2025111000,59991,,202511100gnb,28566,401772630,6882,15,8,-110,-110,1.5,-122,102,45.5,-108,-112,0,outdoors,grass,33,9,00-0036389,00-0036264,Jalen Hurts,Jordan Love,Nick Sirianni,Matt LaFleur,Clay Martin,GNB00,Lambeau Field
2025_11_NYJ_NE,2025,REG,11,11/13/2025,Thursday,20:15,NYJ,14,NE,27,Home,13,41,0,2025111300,59992,,202511130nwe,28567,401772945,6883,4,4,625,-950,12.5,-105,-115,43.5,-115,-105,1,outdoors,fieldturf,39,9,00-0028118,00-0039851,Tyrod Taylor,Drake Maye,Aaron Glenn,Mike Vrabel,Alan Eck,BOS00,Gillette Stadium
2025_11_WAS_MIA,2025,REG,11,11/16/2025,Sunday,9:30,WAS,13,MIA,16,Neutral,3,29,1,2025111600,59993,,202511160mia,28568,401772631,6884,7,7,124,-148,2.5,100,-120,47.5,-110,-110,0,outdoors,grass,,,00-0032268,00-0036212,Marcus Mariota,Tua Tagovailoa,Dan Quinn,Mike McDaniel,Shawn Smith,MIA00,Hard Rock Stadium
2025_11_CAR_ATL,2025,REG,11,11/16/2025,Sunday,13:00,CAR,30,ATL,27,Home,-3,57,1,2025111601,59994,,202511160atl,28569,401772882,6885,7,7,180,-218,4.5,-118,-102,42.5,-110,-110,1,closed,fieldturf,,,00-0039150,00-0039917,Bryce Young,Michael Penix,Dave Canales,Raheem Morris,Clay Martin,ATL97,Mercedes-Benz Stadium
2025_11_TB_BUF,2025,REG,11,11/16/2025,Sunday,13:00,TB,32,BUF,44,Home,12,76,0,2025111602,59995,,202511160buf,28570,401772776,6886,7,7,230,-285,6,-108,-112,46.5,-112,-108,0,outdoors,a_turf,38,20,00-0034855,00-0034857,Baker Mayfield,Josh Allen,Todd Bowles,Sean McDermott,Alex Moore,BUF00,New Era Field
2025_11_LAC_JAX,2025,REG,11,11/16/2025,Sunday,13:00,LAC,6,JAX,35,Home,29,41,0,2025111603,59996,,202511160jax,28571,401772775,6887,7,7,-155,130,-3,-105,-115,43.5,-110,-110,0,outdoors,grass,74,9,00-0036355,00-0036971,Justin Herbert,Trevor Lawrence,Jim Harbaugh,Liam Coen,Craig Wrolstad,JAX00,TIAA Bank Stadium
2025_11_CHI_MIN,2025,REG,11,11/16/2025,Sunday,13:00,CHI,19,MIN,17,Home,-2,36,0,2025111604,59997,,202511160min,28573,401772880,6888,7,7,124,-148,3,-115,-105,47.5,-102,-118,1,dome,sportturf,,,00-0039918,00-0039923,Caleb Williams,J.J. McCarthy,Ben Johnson,Kevin O'Connell,Brad Rogers,MIN01,U.S. Bank Stadium
2025_11_GB_NYG,2025,REG,11,11/16/2025,Sunday,13:00,GB,27,NYG,20,Home,-7,47,0,2025111605,59998,,202511160nyg,28574,401772883,6889,6,7,-440,340,-7.5,-110,-110,41.5,-110,-110,0,outdoors,fieldturf,55,17,00-0036264,00-0031503,Jordan Love,Jameis Winston,Matt LaFleur,Brian Daboll,Scott Novak,NYC01,MetLife Stadium
2025_11_CIN_PIT,2025,REG,11,11/16/2025,Sunday,13:00,CIN,12,PIT,34,Home,22,46,0,2025111606,59999,,202511160pit,28575,401772774,6890,14,7,205,-250,5.5,-108,-112,48.5,-110,-110,1,outdoors,grass,46,17,00-0026158,00-0023459,Joe Flacco,Aaron Rodgers,Zac Taylor,Mike Tomlin,Bill Vinovich,PIT00,Acrisure Stadium
2025_11_HOU_TEN,2025,REG,11,11/16/2025,Sunday,13:00,HOU,16,TEN,13,Home,-3,29,0,2025111607,60000,,202511160oti,28576,401772881,6891,7,14,-265,215,-5.5,-108,-112,37.5,-118,-102,1,outdoors,grass,64,8,00-0036898,00-0040676,Davis Mills,Cam Ward,DeMeco Ryans,Brian Callahan,Shawn Hochuli,NAS00,Nissan Stadium
2025_11_SF_ARI,2025,REG,11,11/16/2025,Sunday,16:05,SF,41,ARI,22,Home,-19,63,0,2025111608,60001,,202511160crd,28577,401772885,6892,7,7,-192,160,-3.5,-105,-115,48.5,-112,-108,1,closed,grass,,,00-0037834,00-0033119,Brock Purdy,Jacoby Brissett,Kyle Shanahan,Jonathan Gannon,Carl Cheffers,PHO00,State Farm Stadium
2025_11_SEA_LA,2025,REG,11,11/16/2025,Sunday,16:05,SEA,19,LA,21,Home,2,40,0,2025111609,60002,,202511160ram,28578,401772884,6893,7,7,145,-175,3,100,-120,49.5,-105,-115,1,dome,matrixturf,,,00-0034869,00-0026498,Sam Darnold,Matthew Stafford,Mike Macdonald,Sean McVay,John Hussey,LAX01,SoFi Stadium
2025_11_BAL_CLE,2025,REG,11,11/16/2025,Sunday,16:25,BAL,23,CLE,16,Home,-7,39,0,2025111610,60003,,202511160cle,28579,401772777,6894,7,7,-440,340,-7.5,-105,-115,37.5,-105,-115,1,outdoors,grass,44,20,00-0034796,00-0040704,Lamar Jackson,Dillon Gabriel,John Harbaugh,Kevin Stefanski,Land Clark,CLE00,FirstEnergy Stadium
2025_11_KC_DEN,2025,REG,11,11/16/2025,Sunday,16:25,KC,19,DEN,22,Home,3,41,0,2025111611,60004,,202511160den,28580,401772778,6895,14,10,-218,180,-3.5,-120,100,44.5,-110,-110,1,outdoors,grass,70,6,00-0033873,00-0039732,Patrick Mahomes,Bo Nix,Andy Reid,Sean Payton,Adrian Hill,DEN00,Empower Field at Mile High
2025_11_DET_PHI,2025,REG,11,11/16/2025,Sunday,20:20,DET,9,PHI,16,Home,7,25,0,2025111612,60005,,202511160phi,28581,401772928,6896,7,6,130,-155,2.5,-102,-118,46.5,-108,-112,0,outdoors,grass,45,15,00-0033106,00-0036389,Jared Goff,Jalen Hurts,Dan Campbell,Nick Sirianni,Alex Kemp,PHI00,Lincoln Financial Field
2025_11_DAL_LV,2025,REG,11,11/17/2025,Monday,20:15,DAL,33,LV,16,Home,-17,49,0,2025111700,60006,,202511170rai,28572,401772819,6897,14,11,-198,164,-3.5,-115,-105,48.5,-115,-105,0,dome,grass,,,00-0033077,00-0030565,Dak Prescott,Geno Smith,Brian Schottenheimer,Pete Carroll,Brad Allen,VEG00,Allegiant Stadium
2025_12_BUF_HOU,2025,REG,12,11/20/2025,Thursday,20:15,BUF,19,HOU,23,Home,4,42,0,2025112000,60007,,202511200htx,28582,401772946,6898,4,4,-258,210,-5.5,-108,-112,43.5,-105,-115,0,closed,astroturf,,,00-0034857,00-0036898,Josh Allen,Davis Mills,Sean McDermott,DeMeco Ryans,Adrian Hill,HOU00,NRG Stadium
2025_12_NYJ_BAL,2025,REG,12,11/23/2025,Sunday,13:00,NYJ,10,BAL,23,Home,13,33,0,2025112300,60008,,202511230rav,28583,401772782,6899,10,7,675,-1050,14,-110,-110,44.5,-102,-118,0,outdoors,grass,54,3,00-0028118,00-0034796,Tyrod Taylor,Lamar Jackson,Aaron Glenn,John Harbaugh,Clete Blakeman,BAL00,M&T Bank Stadium
2025_12_PIT_CHI,2025,REG,12,11/23/2025,Sunday,13:00,PIT,28,CHI,31,Home,3,59,0,2025112301,60009,,202511230chi,28584,401772780,6900,7,7,130,-155,3,-115,-105,46.5,-108,-112,0,outdoors,grass,51,3,00-0034771,00-0039918,Mason Rudolph,Caleb Williams,Mike Tomlin,Ben Johnson,John Hussey,CHI98,Soldier Field
2025_12_NE_CIN,2025,REG,12,11/23/2025,Sunday,13:00,NE,26,CIN,20,Home,-6,46,0,2025112302,60010,,202511230cin,28585,401772781,6901,10,7,-395,310,-7.5,-108,-112,50.5,-102,-118,0,outdoors,fieldturf,54,7,00-0039851,00-0026158,Drake Maye,Joe Flacco,Mike Vrabel,Zac Taylor,Land Clark,CIN00,Paycor Stadium
2025_12_NYG_DET,2025,REG,12,11/23/2025,Sunday,13:00,NYG,27,DET,34,Home,7,61,1,2025112303,60011,,202511230det,28586,401772888,6902,7,7,675,-1050,14,-115,-105,50.5,100,-120,0,dome,fieldturf,,,00-0031503,00-0033106,Jameis Winston,Jared Goff,Brian Daboll,Dan Campbell,Craig Wrolstad,DET00,Ford Field
2025_12_MIN_GB,2025,REG,12,11/23/2025,Sunday,13:00,MIN,6,GB,23,Home,17,29,0,2025112304,60012,,202511230gnb,28587,401772887,6903,7,7,235,-290,6.5,-112,-108,41.5,-112,-108,1,outdoors,grass,43,10,00-0039923,00-0036264,J.J. McCarthy,Jordan Love,Kevin O'Connell,Matt LaFleur,Carl Cheffers,GNB00,Lambeau Field
2025_12_IND_KC,2025,REG,12,11/23/2025,Sunday,13:00,IND,20,KC,23,Home,3,43,1,2025112305,60013,,202511230kan,28588,401772779,6904,14,7,180,-218,3.5,100,-120,50.5,-112,-108,0,outdoors,grass,,,00-0035710,00-0033873,Daniel Jones,Patrick Mahomes,Shane Steichen,Andy Reid,Alex Moore,KAN00,GEHA Field at Arrowhead Stadium
2025_12_SEA_TEN,2025,REG,12,11/23/2025,Sunday,13:00,SEA,30,TEN,24,Home,-6,54,0,2025112306,60014,,202511230oti,28589,401772886,6905,7,7,-950,625,-12.5,-115,-105,41.5,-110,-110,0,outdoors,grass,55,1,00-0034869,00-0040676,Sam Darnold,Cam Ward,Mike Macdonald,Brian Callahan,Ron Torbert,NAS00,Nissan Stadium
2025_12_JAX_ARI,2025,REG,12,11/23/2025,Sunday,16:05,JAX,27,ARI,24,Home,-3,51,1,2025112307,60015,,202511230crd,28590,401772783,6906,7,7,-135,114,-2.5,-108,-112,47.5,-115,-105,0,closed,grass,,,00-0036971,00-0033119,Trevor Lawrence,Jacoby Brissett,Liam Coen,Jonathan Gannon,Scott Novak,PHO00,State Farm Stadium
2025_12_CLE_LV,2025,REG,12,11/23/2025,Sunday,16:05,CLE,24,LV,10,Home,-14,34,0,2025112308,60016,,202511230rai,28591,401772784,6907,7,6,136,-162,3,-105,-115,35.5,-102,-118,0,dome,grass,,,00-0040668,00-0030565,Shedeur Sanders,Geno Smith,Kevin Stefanski,Pete Carroll,Shawn Hochuli,VEG00,Allegiant Stadium
2025_12_PHI_DAL,2025,REG,12,11/23/2025,Sunday,16:25,PHI,21,DAL,24,Home,3,45,0,2025112309,60017,,202511230dal,28592,401772890,6908,7,6,-162,136,-3,-105,-115,47.5,100,-120,1,closed,matrixturf,,,00-0036389,00-0033077,Jalen Hurts,Dak Prescott,Nick Sirianni,Brian Schottenheimer,Bill Vinovich,DAL00,AT&T Stadium
2025_12_ATL_NO,2025,REG,12,11/23/2025,Sunday,16:25,ATL,24,NO,10,Home,-14,34,0,2025112310,60018,,202511230nor,28593,401772889,6909,7,14,102,-122,1.5,-112,-108,41.5,-118,-102,1,dome,sportturf,,,00-0029604,00-0040743,Kirk Cousins,Tyler Shough,Raheem Morris,Kellen Moore,Brad Rogers,NOR00,Mercedes-Benz Superdome
2025_12_TB_LA,2025,REG,12,11/23/2025,Sunday,20:20,TB,7,LA,34,Home,27,41,0,2025112311,60019,,202511230ram,28594,401772929,6910,7,7,295,-375,7,-110,-110,49.5,100,-120,0,dome,matrixturf,,,00-0034855,00-0026498,Baker Mayfield,Matthew Stafford,Todd Bowles,Sean McVay,Clay Martin,LAX01,SoFi Stadium
2025_12_CAR_SF,2025,REG,12,11/24/2025,Monday,20:15,CAR,9,SF,20,Home,11,29,0,2025112400,60020,,202511240sfo,28595,401772820,6911,8,8,310,-395,7.5,-115,-105,48.5,-105,-115,0,outdoors,grass,58,3,00-0039150,00-0037834,Bryce Young,Brock Purdy,Dave Canales,Kyle Shanahan,Alex Kemp,SFO01,Levi's Stadium
2025_13_GB_DET,2025,REG,13,11/27/2025,Thursday,13:00,GB,31,DET,24,Home,-7,55,0,2025112700,60021,,202511270det,28596,401772891,6912,4,4,130,-155,2.5,105,-125,48.5,-110,-110,1,dome,fieldturf,,,00-0036264,00-0033106,Jordan Love,Jared Goff,Matt LaFleur,Dan Campbell,Ron Torbert,DET00,Ford Field
2025_13_KC_DAL,2025,REG,13,11/27/2025,Thursday,16:30,KC,28,DAL,31,Home,3,59,0,2025112701,60022,,202511270dal,28597,401772694,6913,4,4,-185,154,-3.5,-105,-115,53.5,-110,-110,0,closed,matrixturf,,,00-0033873,00-0033077,Patrick Mahomes,Dak Prescott,Andy Reid,Brian Schottenheimer,John Hussey,DAL00,AT&T Stadium
2025_13_CIN_BAL,2025,REG,13,11/27/2025,Thursday,20:20,CIN,32,BAL,14,Home,-18,46,0,2025112702,60023,,202511270rav,28598,401772930,6914,4,4,295,-375,7,100,-120,52.5,-115,-105,1,outdoors,grass,38,11,00-0036442,00-0034796,Joe Burrow,Lamar Jackson,Zac Taylor,John Harbaugh,Craig Wrolstad,BAL00,M&T Bank Stadium
2025_13_CHI_PHI,2025,REG,13,11/28/2025,Friday,15:00,CHI,24,PHI,15,Home,-9,39,0,2025112800,60024,,202511280phi,28599,401772621,6915,5,5,270,-340,7,-105,-115,43.5,-115,-105,0,outdoors,grass,42,18,00-0039918,00-0036389,Caleb Williams,Jalen Hurts,Ben Johnson,Nick Sirianni,Carl Cheffers,PHI00,Lincoln Financial Field
2025_13_LA_CAR,2025,REG,13,11/30/2025,Sunday,13:00,LA,28,CAR,31,Home,3,59,0,2025113000,60025,,202511300car,28600,401772894,6916,7,6,-575,425,-10,-110,-110,44.5,-105,-115,0,outdoors,grass,45,3,00-0026498,00-0039150,Matthew Stafford,Bryce Young,Sean McVay,Dave Canales,Scott Novak,CAR00,Bank of America Stadium
2025_13_SF_CLE,2025,REG,13,11/30/2025,Sunday,13:00,SF,26,CLE,8,Home,-18,34,0,2025113001,60026,,202511300cle,28601,401772785,6917,6,7,-250,205,-5.5,-108,-112,35.5,-112,-108,0,outdoors,grass,35,20,00-0037834,00-0040668,Brock Purdy,Shedeur Sanders,Kyle Shanahan,Kevin Stefanski,Brad Allen,CLE00,FirstEnergy Stadium
2025_13_HOU_IND,2025,REG,13,11/30/2025,Sunday,13:00,HOU,20,IND,16,Home,-4,36,0,2025113002,60027,,202511300clt,28602,401772787,6918,10,7,142,-170,3,-105,-115,44.5,-112,-108,1,closed,fieldturf,,,00-0039163,00-0035710,C.J. Stroud,Daniel Jones,DeMeco Ryans,Shane Steichen,Clay Martin,IND00,Lucas Oil Stadium
2025_13_NO_MIA,2025,REG,13,11/30/2025,Sunday,13:00,NO,17,MIA,21,Home,4,38,0,2025113003,60028,,202511300mia,28603,401772892,6919,7,14,205,-250,5.5,-110,-110,41.5,-105,-115,0,outdoors,grass,76,10,00-0040743,00-0036212,Tyler Shough,Tua Tagovailoa,Kellen Moore,Mike McDaniel,Alan Eck,MIA00,Hard Rock Stadium
2025_13_ATL_NYJ,2025,REG,13,11/30/2025,Sunday,13:00,ATL,24,NYJ,27,Home,3,51,0,2025113004,60029,,202511300nyj,28604,401772893,6920,7,7,-166,140,-3,-112,-108,38.5,-105,-115,0,outdoors,fieldturf,43,8,00-0029604,00-0028118,Kirk Cousins,Tyrod Taylor,Raheem Morris,Aaron Glenn,Shawn Hochuli,NYC01,MetLife Stadium
2025_13_ARI_TB,2025,REG,13,11/30/2025,Sunday,13:00,ARI,17,TB,20,Home,3,37,0,2025113005,60030,,202511300tam,28605,401772895,6921,7,7,164,-198,4.5,-115,-105,44.5,-108,-112,0,outdoors,grass,80,8,00-0033119,00-0034855,Jacoby Brissett,Baker Mayfield,Jonathan Gannon,Todd Bowles,Bill Vinovich,TAM00,Raymond James Stadium
2025_13_JAX_TEN,2025,REG,13,11/30/2025,Sunday,13:00,JAX,25,TEN,3,Home,-22,28,0,2025113006,60031,,202511300oti,28606,401772786,6922,7,7,-270,220,-6,-108,-112,42.5,-105,-115,1,outdoors,grass,38,7,00-0036971,00-0040676,Trevor Lawrence,Cam Ward,Liam Coen,Brian Callahan,Brad Rogers,NAS00,Nissan Stadium
2025_13_MIN_SEA,2025,REG,13,11/30/2025,Sunday,16:05,MIN,0,SEA,26,Home,26,26,0,2025113007,60032,,202511300sea,28608,401772896,6923,7,7,600,-900,12.5,-110,-110,42.5,-110,-110,0,outdoors,fieldturf,45,2,00-0040494,00-0034869,Max Brosmer,Sam Darnold,Kevin O'Connell,Mike Macdonald,Clete Blakeman,SEA00,Lumen Field
2025_13_LV_LAC,2025,REG,13,11/30/2025,Sunday,16:25,LV,14,LAC,31,Home,17,45,0,2025113008,60033,,202511300sdg,28607,401772788,6924,7,14,440,-600,10,-115,-105,40.5,-108,-112,1,dome,matrixturf,,,00-0030565,00-0036355,Geno Smith,Justin Herbert,Pete Carroll,Jim Harbaugh,Alex Moore,LAX01,SoFi Stadium
2025_13_BUF_PIT,2025,REG,13,11/30/2025,Sunday,16:25,BUF,26,PIT,7,Home,-19,33,0,2025113009,60034,,202511300pit,28609,401772789,6925,10,7,-166,140,-3,-115,-105,44.5,-112,-108,0,outdoors,grass,34,16,00-0034857,00-0023459,Josh Allen,Aaron Rodgers,Sean McDermott,Mike Tomlin,Alex Kemp,PIT00,Acrisure Stadium
2025_13_DEN_WAS,2025,REG,13,11/30/2025,Sunday,20:20,DEN,27,WAS,26,Home,-1,53,1,2025113010,60035,,202511300was,28610,401772931,6926,14,14,-310,250,-6.5,-105,-115,43.5,-112,-108,0,outdoors,grass,40,13,00-0039732,00-0032268,Bo Nix,Marcus Mariota,Sean Payton,Dan Quinn,Land Clark,WAS00,FedExField
2025_13_NYG_NE,2025,REG,13,12/1/2025,Monday,20:15,NYG,15,NE,33,Home,18,48,0,2025120100,60036,,202512010nwe,28611,401772821,6927,8,8,295,-375,7,-105,-115,46.5,-105,-115,0,outdoors,fieldturf,30,5,00-0040691,00-0039851,Jaxson Dart,Drake Maye,Brian Daboll,Mike Vrabel,Alex Kemp,BOS00,Gillette Stadium
2025_14_DAL_DET,2025,REG,14,12/4/2025,Thursday,20:15,DAL,30,DET,44,Home,14,74,0,2025120400,60037,,202512040det,28612,401772947,6928,7,7,160,-192,3.5,-110,-110,55.5,-110,-110,0,dome,fieldturf,,,00-0033077,00-0033106,Dak Prescott,Jared Goff,Brian Schottenheimer,Dan Campbell,Shawn Hochuli,DET00,Ford Field
2025_14_SEA_ATL,2025,REG,14,12/7/2025,Sunday,13:00,SEA,37,ATL,9,Home,-28,46,0,2025120700,60038,,202512070atl,28613,401772900,6929,7,7,-355,280,-7,100,-120,44.5,-108,-112,0,closed,fieldturf,,,00-0034869,00-0029604,Sam Darnold,Kirk Cousins,Mike Macdonald,Raheem Morris,Alex Kemp,ATL97,Mercedes-Benz Stadium
2025_14_PIT_BAL,2025,REG,14,12/7/2025,Sunday,13:00,PIT,27,BAL,22,Home,-5,49,0,2025120701,60039,,202512070rav,28614,401772791,6930,7,10,220,-270,5.5,100,-120,43.5,-105,-115,1,outdoors,grass,44,6,00-0023459,00-0034796,Aaron Rodgers,Lamar Jackson,Mike Tomlin,John Harbaugh,Alex Moore,BAL00,M&T Bank Stadium
2025_14_TEN_CLE,2025,REG,14,12/7/2025,Sunday,13:00,TEN,31,CLE,29,Home,-2,60,0,2025120702,60040,,202512070cle,28615,401772898,6931,7,7,170,-205,4.5,-120,100,33.5,-105,-115,0,outdoors,grass,33,6,00-0040676,00-0040668,Cam Ward,Shedeur Sanders,Brian Callahan,Kevin Stefanski,Carl Cheffers,CLE00,FirstEnergy Stadium
2025_14_CHI_GB,2025,REG,14,12/7/2025,Sunday,16:25,CHI,21,GB,28,Home,7,49,0,2025120703,60041,,202512070gnb,28616,401772897,6932,9,10,245,-305,6.5,-105,-115,44.5,-115,-105,1,outdoors,grass,16,9,00-0039918,00-0036264,Caleb Williams,Jordan Love,Ben Johnson,Matt LaFleur,Craig Wrolstad,GNB00,Lambeau Field
2025_14_IND_JAX,2025,REG,14,12/7/2025,Sunday,13:00,IND,19,JAX,36,Home,17,55,0,2025120704,60042,,202512070jax,28617,401772793,6933,7,7,-135,114,-2.5,-112,-108,44.5,-105,-115,1,outdoors,grass,61,7,00-0035710,00-0036971,Daniel Jones,Trevor Lawrence,Shane Steichen,Liam Coen,John Hussey,JAX00,TIAA Bank Stadium
2025_14_WAS_MIN,2025,REG,14,12/7/2025,Sunday,13:00,WAS,0,MIN,31,Home,31,31,0,2025120705,60043,,202512070min,28618,401772899,6934,7,7,-115,-105,-1.5,-102,-118,43.5,-102,-118,0,dome,sportturf,,,00-0032268,00-0039923,Marcus Mariota,J.J. McCarthy,Dan Quinn,Kevin O'Connell,Brad Allen,MIN01,U.S. Bank Stadium
2025_14_MIA_NYJ,2025,REG,14,12/7/2025,Sunday,13:00,MIA,34,NYJ,10,Home,-24,44,0,2025120706,60044,,202512070nyj,28619,401772790,6935,7,7,-148,124,-2.5,-115,-105,41.5,-112,-108,1,outdoors,fieldturf,41,6,00-0036212,00-0028118,Tua Tagovailoa,Tyrod Taylor,Mike McDaniel,Aaron Glenn,Bill Vinovich,NYC01,MetLife Stadium
2025_14_NO_TB,2025,REG,14,12/7/2025,Sunday,13:00,NO,24,TB,20,Home,-4,44,0,2025120707,60045,,202512070tam,28620,401772792,6936,7,7,330,-425,7.5,-102,-118,41.5,-105,-115,1,outdoors,grass,73,6,00-0040743,00-0034855,Tyler Shough,Baker Mayfield,Kellen Moore,Todd Bowles,Clete Blakeman,TAM00,Raymond James Stadium
2025_14_DEN_LV,2025,REG,14,12/7/2025,Sunday,16:05,DEN,24,LV,17,Home,-7,41,0,2025120708,60046,,202512070rai,28621,401772794,6937,7,7,-470,360,-8.5,-110,-110,40.5,-115,-105,1,dome,grass,,,00-0039732,00-0030565,Bo Nix,Geno Smith,Sean Payton,Pete Carroll,Shawn Smith,VEG00,Allegiant Stadium
2025_14_LA_ARI,2025,REG,14,12/7/2025,Sunday,16:25,LA,45,ARI,17,Home,-28,62,0,2025120709,60047,,202512070crd,28622,401772901,6938,7,7,-500,380,-9.5,-110,-110,49.5,-110,-110,1,closed,grass,,,00-0026498,00-0033119,Matthew Stafford,Jacoby Brissett,Sean McVay,Jonathan Gannon,Ron Torbert,PHO00,State Farm Stadium
2025_14_CIN_BUF,2025,REG,14,12/7/2025,Sunday,13:00,CIN,34,BUF,39,Home,5,73,0,2025120710,60048,,202512070buf,28623,401772902,6939,10,7,230,-285,6,-108,-112,54.5,-108,-112,0,outdoors,a_turf,31,12,00-0036442,00-0034857,Joe Burrow,Josh Allen,Zac Taylor,Sean McDermott,Brad Rogers,BUF00,New Era Field
2025_14_HOU_KC,2025,REG,14,12/7/2025,Sunday,20:20,HOU,20,KC,10,Home,-10,30,0,2025120711,60049,,202512070kan,28624,401772932,6940,7,10,180,-218,4.5,-115,-105,41.5,-110,-110,0,outdoors,grass,27,8,00-0039163,00-0033873,C.J. Stroud,Patrick Mahomes,DeMeco Ryans,Andy Reid,Alan Eck,KAN00,GEHA Field at Arrowhead Stadium
2025_14_PHI_LAC,2025,REG,14,12/8/2025,Monday,20:15,PHI,19,LAC,22,Home,3,41,1,2025120800,60050,,202512080sdg,28625,401772822,6941,10,8,-120,100,-1.5,-105,-115,41.5,-105,-115,0,dome,matrixturf,,,00-0036389,00-0036355,Jalen Hurts,Justin Herbert,Nick Sirianni,Jim Harbaugh,Scott Novak,LAX01,SoFi Stadium
2025_15_ATL_TB,2025,REG,15,12/11/2025,Thursday,20:15,ATL,29,TB,28,Home,-1,57,0,2025121100,60051,,202512110tam,28626,401772948,6942,4,4,225,-278,6,-112,-108,43.5,-110,-110,1,outdoors,grass,56,5,00-0029604,00-0034855,Kirk Cousins,Baker Mayfield,Raheem Morris,Todd Bowles,Carl Cheffers,TAM00,Raymond James Stadium
2025_15_CLE_CHI,2025,REG,15,12/14/2025,Sunday,13:00,CLE,3,CHI,31,Home,28,34,0,2025121400,60052,,202512140chi,28627,401772904,6943,7,7,295,-375,7.5,-112,-108,38.5,-115,-105,0,outdoors,grass,8,6,00-0040668,00-0039918,Shedeur Sanders,Caleb Williams,Kevin Stefanski,Ben Johnson,Ron Torbert,CHI98,Soldier Field
2025_15_BAL_CIN,2025,REG,15,12/14/2025,Sunday,13:00,BAL,24,CIN,0,Home,-24,24,0,2025121401,60053,,202512140cin,28628,401772796,6944,7,7,-162,136,-2.5,-125,105,51.5,-110,-110,1,outdoors,fieldturf,10,7,00-0034796,00-0036442,Lamar Jackson,Joe Burrow,John Harbaugh,Zac Taylor,Brad Allen,CIN00,Paycor Stadium
2025_15_ARI_HOU,2025,REG,15,12/14/2025,Sunday,13:00,ARI,20,HOU,40,Home,20,60,0,2025121402,60054,,202512140htx,28629,401772903,6945,7,7,455,-625,10.5,-110,-110,42.5,-112,-108,0,closed,astroturf,,,00-0033119,00-0039163,Jacoby Brissett,C.J. Stroud,Jonathan Gannon,DeMeco Ryans,Clete Blakeman,HOU00,NRG Stadium
2025_15_NYJ_JAX,2025,REG,15,12/14/2025,Sunday,13:00,NYJ,20,JAX,48,Home,28,68,0,2025121403,60055,,202512140jax,28630,401772797,6946,7,7,675,-1050,13.5,-105,-115,40.5,-115,-105,0,outdoors,grass,70,11,00-0040398,00-0036971,Brady Cook,Trevor Lawrence,Aaron Glenn,Liam Coen,Shawn Smith,JAX00,TIAA Bank Stadium
2025_15_LAC_KC,2025,REG,15,12/14/2025,Sunday,13:00,LAC,16,KC,13,Home,-3,29,0,2025121404,60056,,202512140kan,28631,401772798,6947,6,7,210,-258,5.5,100,-120,41.5,-108,-112,1,outdoors,grass,,,00-0036355,00-0033873,Justin Herbert,Patrick Mahomes,Jim Harbaugh,Andy Reid,Shawn Hochuli,KAN00,GEHA Field at Arrowhead Stadium
2025_15_BUF_NE,2025,REG,15,12/14/2025,Sunday,13:00,BUF,35,NE,31,Home,-4,66,0,2025121405,60057,,202512140nwe,28632,401772795,6948,7,13,-142,120,-2.5,-110,-110,49.5,-105,-115,1,outdoors,fieldturf,32,6,00-0034857,00-0039851,Josh Allen,Drake Maye,Sean McDermott,Mike Vrabel,John Hussey,BOS00,Gillette Stadium
2025_15_WAS_NYG,2025,REG,15,12/14/2025,Sunday,13:00,WAS,29,NYG,21,Home,-8,50,0,2025121406,60058,,202512140nyg,28633,401772905,6949,7,13,124,-148,2.5,-105,-115,46.5,-115,-105,1,outdoors,fieldturf,27,13,00-0032268,00-0040691,Marcus Mariota,Jaxson Dart,Dan Quinn,Brian Daboll,Bill Vinovich,NYC01,MetLife Stadium
2025_15_LV_PHI,2025,REG,15,12/14/2025,Sunday,13:00,LV,0,PHI,31,Home,31,31,0,2025121407,60059,,202512140phi,28634,401772906,6950,7,6,650,-1000,12.5,-108,-112,37.5,-118,-102,0,outdoors,grass,30,20,00-0038102,00-0036389,Kenny Pickett,Jalen Hurts,Pete Carroll,Nick Sirianni,Clay Martin,PHI00,Lincoln Financial Field
2025_15_GB_DEN,2025,REG,15,12/14/2025,Sunday,16:25,GB,26,DEN,34,Home,8,60,0,2025121408,60060,,202512140den,28635,401772800,6951,7,7,-122,102,-1.5,-108,-112,42.5,-115,-105,0,outdoors,grass,65,3,00-0036264,00-0039732,Jordan Love,Bo Nix,Matt LaFleur,Sean Payton,Brad Rogers,DEN00,Empower Field at Mile High
2025_15_DET_LA,2025,REG,15,12/14/2025,Sunday,16:25,DET,34,LA,41,Home,7,75,0,2025121409,60061,,202512140ram,28638,401772909,6952,10,7,200,-245,5.5,-105,-115,54.5,-105,-115,0,dome,matrixturf,,,00-0033106,00-0026498,Jared Goff,Matthew Stafford,Dan Campbell,Sean McVay,Alan Eck,LAX01,SoFi Stadium
2025_15_CAR_NO,2025,REG,15,12/14/2025,Sunday,16:25,CAR,17,NO,20,Home,3,37,0,2025121410,60062,,202512140nor,28636,401772908,6953,14,7,-148,124,-2.5,-118,-102,41.5,-108,-112,1,dome,sportturf,,,00-0039150,00-0040743,Bryce Young,Tyler Shough,Dave Canales,Kellen Moore,Alex Moore,NOR00,Mercedes-Benz Superdome
2025_15_IND_SEA,2025,REG,15,12/14/2025,Sunday,16:25,IND,16,SEA,18,Home,2,34,0,2025121411,60063,,202512140sea,28637,401772799,6954,7,7,650,-1000,13.5,-105,-115,41.5,-108,-112,0,outdoors,fieldturf,51,9,00-0022942,00-0034869,Philip Rivers,Sam Darnold,Shane Steichen,Mike Macdonald,Adrian Hill,SEA00,Lumen Field
2025_15_TEN_SF,2025,REG,15,12/14/2025,Sunday,16:25,TEN,24,SF,37,Home,13,61,0,2025121412,60064,,202512140sfo,28639,401772907,6955,7,14,600,-900,12.5,-108,-112,44.5,-112,-108,0,outdoors,grass,54,4,00-0040676,00-0037834,Cam Ward,Brock Purdy,Brian Callahan,Kyle Shanahan,Craig Wrolstad,SFO01,Levi's Stadium
2025_15_MIN_DAL,2025,REG,15,12/14/2025,Sunday,20:20,MIN,34,DAL,26,Home,-8,60,0,2025121413,60065,,202512140dal,28640,401772933,6956,7,10,215,-265,5.5,-110,-110,47.5,-102,-118,0,closed,matrixturf,,,00-0039923,00-0033077,J.J. McCarthy,Dak Prescott,Kevin O'Connell,Brian Schottenheimer,Scott Novak,DAL00,AT&T Stadium
2025_15_MIA_PIT,2025,REG,15,12/15/2025,Monday,20:15,MIA,15,PIT,28,Home,13,43,0,2025121500,60066,,202512150pit,28641,401772823,6957,8,8,145,-175,3,-102,-118,42.5,-105,-115,0,outdoors,grass,17,7,00-0036212,00-0023459,Tua Tagovailoa,Aaron Rodgers,Mike McDaniel,Mike Tomlin,Land Clark,PIT00,Acrisure Stadium
2025_16_LA_SEA,2025,REG,16,12/18/2025,Thursday,20:15,LA,37,SEA,38,Home,1,75,1,2025121800,60067,,202512180sea,28642,401772949,6958,4,4,102,-122,1.5,-110,-110,42.5,-105,-115,1,outdoors,fieldturf,51,17,00-0026498,00-0034869,Matthew Stafford,Sam Darnold,Sean McVay,Mike Macdonald,Brad Allen,SEA00,Lumen Field
2025_16_GB_CHI,2025,REG,16,12/20/2025,Saturday,20:20,GB,16,CHI,22,Home,6,38,1,2025122000,60068,,202512200chi,28643,401772613,6959,6,6,-102,-118,1.5,-115,-105,45.5,-115,-105,1,outdoors,grass,37,6,00-0036264,00-0039918,Jordan Love,Caleb Williams,Matt LaFleur,Ben Johnson,Alex Kemp,CHI98,Soldier Field
2025_16_PHI_WAS,2025,REG,16,12/20/2025,Saturday,17:00,PHI,29,WAS,18,Home,-11,47,0,2025122001,60069,,202512200was,28644,401772612,6960,6,6,-380,300,-7,-120,100,43.5,-110,-110,1,outdoors,grass,42,7,00-0036389,00-0032268,Jalen Hurts,Marcus Mariota,Nick Sirianni,Dan Quinn,Craig Wrolstad,WAS00,FedExField
2025_16_NE_BAL,2025,REG,16,12/21/2025,Sunday,20:20,NE,28,BAL,24,Home,-4,52,0,2025122102,60070,,202512210rav,28645,401772804,6961,7,7,154,-185,3.5,-115,-105,48.5,-112,-108,0,outdoors,grass,40,2,00-0039851,00-0034796,Drake Maye,Lamar Jackson,Mike Vrabel,John Harbaugh,Brad Rogers,BAL00,M&T Bank Stadium
2025_16_TB_CAR,2025,REG,16,12/21/2025,Sunday,13:00,TB,20,CAR,23,Home,3,43,0,2025122103,60071,,202512210car,28646,401772912,6962,10,7,-155,130,-3,100,-120,44.5,-108,-112,1,outdoors,grass,61,8,00-0034855,00-0039150,Baker Mayfield,Bryce Young,Todd Bowles,Dave Canales,Shawn Smith,CAR00,Bank of America Stadium
2025_16_BUF_CLE,2025,REG,16,12/21/2025,Sunday,13:00,BUF,23,CLE,20,Home,-3,43,0,2025122104,60072,,202512210cle,28647,401772802,6963,7,7,-575,425,-10.5,-110,-110,41.5,-118,-102,0,outdoors,grass,25,16,00-0034857,00-0040668,Josh Allen,Shedeur Sanders,Sean McDermott,Kevin Stefanski,Bill Vinovich,CLE00,FirstEnergy Stadium
2025_16_LAC_DAL,2025,REG,16,12/21/2025,Sunday,13:00,LAC,34,DAL,17,Home,-17,51,0,2025122105,60073,,202512210dal,28648,401772910,6964,7,7,102,-122,1.5,-115,-105,50.5,-102,-118,0,closed,matrixturf,,,00-0036355,00-0033077,Justin Herbert,Dak Prescott,Jim Harbaugh,Brian Schottenheimer,Alan Eck,DAL00,AT&T Stadium
2025_16_NYJ_NO,2025,REG,16,12/21/2025,Sunday,13:00,NYJ,6,NO,29,Home,23,35,0,2025122106,60074,,202512210nor,28649,401772801,6965,7,7,240,-298,6.5,-105,-115,39.5,-105,-115,0,dome,sportturf,,,00-0028118,00-0040743,Tyrod Taylor,Tyler Shough,Aaron Glenn,Kellen Moore,Clay Martin,NOR00,Mercedes-Benz Superdome
2025_16_MIN_NYG,2025,REG,16,12/21/2025,Sunday,13:00,MIN,16,NYG,13,Home,-3,29,0,2025122107,60075,,202512210nyg,28650,401772911,6966,7,7,-148,124,-2.5,-118,-102,41.5,-115,-105,0,outdoors,fieldturf,46,20,00-0039923,00-0040691,J.J. McCarthy,Jaxson Dart,Kevin O'Connell,Brian Daboll,Alex Moore,NYC01,MetLife Stadium
2025_16_KC_TEN,2025,REG,16,12/21/2025,Sunday,13:00,KC,9,TEN,26,Home,17,35,0,2025122108,60076,,202512210oti,28651,401772803,6967,7,7,-185,154,-3.5,100,-120,37.5,-110,-110,0,outdoors,grass,51,8,00-0035289,00-0040676,Gardner Minshew,Cam Ward,Andy Reid,Brian Callahan,Clete Blakeman,NAS00,Nissan Stadium
2025_16_ATL_ARI,2025,REG,16,12/21/2025,Sunday,16:05,ATL,26,ARI,19,Home,-7,45,0,2025122109,60077,,202512210crd,28652,401772914,6968,10,7,-148,124,-2.5,-115,-105,48.5,-105,-115,0,closed,grass,,,00-0029604,00-0033119,Kirk Cousins,Jacoby Brissett,Raheem Morris,Jonathan Gannon,Land Clark,PHO00,State Farm Stadium
2025_16_JAX_DEN,2025,REG,16,12/21/2025,Sunday,16:05,JAX,34,DEN,20,Home,-14,54,0,2025122110,60078,,202512210den,28653,401772913,6969,7,7,145,-175,3.5,-120,100,46.5,-108,-112,0,outdoors,grass,62,3,00-0036971,00-0039732,Trevor Lawrence,Bo Nix,Liam Coen,Sean Payton,Shawn Hochuli,DEN00,Empower Field at Mile High
2025_16_PIT_DET,2025,REG,16,12/21/2025,Sunday,16:25,PIT,29,DET,24,Home,-5,53,0,2025122111,60079,,202512210det,28654,401772806,6970,6,7,330,-425,7.5,-105,-115,52.5,-115,-105,0,dome,fieldturf,,,00-0023459,00-0033106,Aaron Rodgers,Jared Goff,Mike Tomlin,Dan Campbell,Carl Cheffers,DET00,Ford Field
2025_16_LV_HOU,2025,REG,16,12/21/2025,Sunday,16:25,LV,21,HOU,23,Home,2,44,0,2025122112,60080,,202512210htx,28655,401772805,6971,7,7,900,-1600,14.5,-115,-105,39.5,-110,-110,0,closed,astroturf,,,00-0030565,00-0039163,Geno Smith,C.J. Stroud,Pete Carroll,DeMeco Ryans,Scott Novak,HOU00,NRG Stadium
2025_16_CIN_MIA,2025,REG,16,12/21/2025,Sunday,13:00,CIN,45,MIA,21,Home,-24,66,0,2025122113,60081,,202512210mia,28656,401772934,6972,7,6,-205,170,-3.5,-120,100,48.5,-112,-108,0,outdoors,grass,81,7,00-0036442,00-0040234,Joe Burrow,Quinn Ewers,Zac Taylor,Mike McDaniel,John Hussey,MIA00,Hard Rock Stadium
2025_16_SF_IND,2025,REG,16,12/22/2025,Monday,20:15,SF,48,IND,27,Home,-21,75,0,2025122200,60082,,202512220clt,28657,401772824,6973,8,8,-225,185,-4.5,-105,-115,46.5,-118,-102,0,closed,fieldturf,,,00-0037834,00-0022942,Brock Purdy,Philip Rivers,Kyle Shanahan,Shane Steichen,Ron Torbert,IND00,Lucas Oil Stadium
2025_17_DAL_WAS,2025,REG,17,12/25/2025,Thursday,13:00,DAL,30,WAS,23,Home,-7,53,0,2025122500,60083,,202512250was,28658,401772710,6974,4,5,-500,380,-8.5,-120,100,50.5,-108,-112,1,outdoors,grass,50,7,00-0033077,00-0026300,Dak Prescott,Josh Johnson,Brian Schottenheimer,Dan Quinn,Brad Rogers,WAS00,FedExField
2025_17_DET_MIN,2025,REG,17,12/25/2025,Thursday,16:30,DET,10,MIN,23,Home,13,33,0,2025122501,60084,,202512250min,28659,401772711,6975,4,4,-360,285,-7,-120,100,45.5,-115,-105,1,dome,sportturf,,,00-0033106,00-0040494,Jared Goff,Max Brosmer,Dan Campbell,Kevin O'Connell,Shawn Smith,MIN01,U.S. Bank Stadium
2025_17_DEN_KC,2025,REG,17,12/25/2025,Thursday,20:15,DEN,20,KC,13,Home,-7,33,0,2025122502,60085,,202512250kan,28660,401772622,6976,4,4,-1100,700,-13.5,-105,-115,37.5,100,-120,1,outdoors,grass,,,00-0039732,00-0037324,Bo Nix,Chris Oladokun,Sean Payton,Andy Reid,Bill Vinovich,KAN00,GEHA Field at Arrowhead Stadium
2025_17_SEA_CAR,2025,REG,17,12/28/2025,Sunday,13:00,SEA,27,CAR,10,Home,-17,37,0,2025122800,60086,,202512280car,28661,401772952,6977,10,7,-305,245,-6.5,-118,-102,42.5,-110,-110,0,outdoors,grass,43,2,00-0034869,00-0039150,Sam Darnold,Bryce Young,Mike Macdonald,Dave Canales,Carl Cheffers,CAR00,Bank of America Stadium
2025_17_ARI_CIN,2025,REG,17,12/28/2025,Sunday,13:00,ARI,14,CIN,37,Home,23,51,0,2025122801,60087,,202512280cin,28662,401772954,6978,7,7,275,-345,7,-110,-110,52.5,-105,-115,0,outdoors,fieldturf,65,9,00-0033119,00-0036442,Jacoby Brissett,Joe Burrow,Jonathan Gannon,Zac Taylor,Clay Martin,CIN00,Paycor Stadium
2025_17_PIT_CLE,2025,REG,17,12/28/2025,Sunday,13:00,PIT,6,CLE,13,Home,7,19,0,2025122805,60091,,202512280cle,28666,401772807,6979,7,7,-205,170,-4.5,-108,-112,35.5,-112,-108,1,outdoors,grass,45,14,00-0023459,00-0040668,Aaron Rodgers,Shedeur Sanders,Mike Tomlin,Kevin Stefanski,John Hussey,CLE00,FirstEnergy Stadium
2025_17_BAL_GB,2025,REG,17,12/27/2025,Saturday,20:00,BAL,41,GB,24,Home,-17,65,0,2025122701,60088,,202512270gnb,28663,401772953,6980,6,7,120,-142,2.5,-108,-112,38.5,-115,-105,0,outdoors,grass,36,10,00-0035993,00-0038128,Tyler Huntley,Malik Willis,John Harbaugh,Matt LaFleur,Alan Eck,GNB00,Lambeau Field
2025_17_JAX_IND,2025,REG,17,12/28/2025,Sunday,13:00,JAX,23,IND,17,Home,-6,40,0,2025122806,60092,,202512280clt,28667,401772915,6981,7,6,-225,185,-3.5,-115,-105,48.5,-108,-112,1,closed,fieldturf,,,00-0036971,00-0022942,Trevor Lawrence,Philip Rivers,Liam Coen,Shane Steichen,Brad Allen,IND00,Lucas Oil Stadium
2025_17_HOU_LAC,2025,REG,17,12/27/2025,Saturday,16:30,HOU,20,LAC,16,Home,-4,36,0,2025122700,60089,,202512270sdg,28664,401772951,6982,6,6,-102,-118,1.5,-115,-105,40.5,-105,-115,0,dome,matrixturf,,,00-0039163,00-0036355,C.J. Stroud,Justin Herbert,DeMeco Ryans,Jim Harbaugh,Craig Wrolstad,LAX01,SoFi Stadium
2025_17_NYG_LV,2025,REG,17,12/28/2025,Sunday,16:05,NYG,34,LV,10,Home,-24,44,0,2025122804,60090,,202512280rai,28665,401772950,6983,7,7,-162,136,-3,-102,-118,40.5,-112,-108,0,dome,grass,,,00-0040691,00-0030565,Jaxson Dart,Geno Smith,Brian Daboll,Pete Carroll,Land Clark,VEG00,Allegiant Stadium
2025_17_TB_MIA,2025,REG,17,12/28/2025,Sunday,13:00,TB,17,MIA,20,Home,3,37,0,2025122807,60093,,202512280mia,28668,401772916,6984,7,7,-250,205,-5.5,-108,-112,44.5,-118,-102,0,outdoors,grass,80,3,00-0034855,00-0040234,Baker Mayfield,Quinn Ewers,Todd Bowles,Mike McDaniel,Scott Novak,MIA00,Hard Rock Stadium
2025_17_NE_NYJ,2025,REG,17,12/28/2025,Sunday,13:00,NE,42,NYJ,10,Home,-32,52,0,2025122808,60094,,202512280nyj,28669,401772808,6985,7,7,-950,625,-12.5,-120,100,42.5,-112,-108,1,outdoors,fieldturf,29,4,00-0039851,00-0028118,Drake Maye,Tyrod Taylor,Mike Vrabel,Aaron Glenn,Alex Kemp,NYC01,MetLife Stadium
2025_17_NO_TEN,2025,REG,17,12/28/2025,Sunday,13:00,NO,34,TEN,26,Home,-8,60,0,2025122809,60095,,202512280oti,28670,401772809,6986,7,7,-120,100,-1.5,-110,-110,39.5,-118,-102,0,outdoors,grass,71,14,00-0040743,00-0040676,Tyler Shough,Cam Ward,Kellen Moore,Brian Callahan,Adrian Hill,NAS00,Nissan Stadium
2025_17_PHI_BUF,2025,REG,17,12/28/2025,Sunday,16:25,PHI,13,BUF,12,Home,-1,25,0,2025122810,60096,,202512280buf,28671,401772917,6987,8,7,142,-170,3,-108,-112,45.5,-115,-105,0,outdoors,a_turf,38,6,00-0036389,00-0034857,Jalen Hurts,Josh Allen,Nick Sirianni,Sean McDermott,Ron Torbert,BUF00,New Era Field
2025_17_CHI_SF,2025,REG,17,12/28/2025,Sunday,20:20,CHI,38,SF,42,Home,4,80,0,2025122811,60097,,202512280sfo,28672,401772935,6988,8,6,170,-205,3.5,-105,-115,51.5,-112,-108,0,outdoors,grass,53,5,00-0039918,00-0037834,Caleb Williams,Brock Purdy,Ben Johnson,Kyle Shanahan,Alex Moore,SFO01,Levi's Stadium
2025_17_LA_ATL,2025,REG,17,12/29/2025,Monday,20:15,LA,24,ATL,27,Home,3,51,0,2025122900,60098,,202512290atl,28673,401772825,6989,11,8,-380,300,-7.5,-102,-118,48.5,-105,-115,0,closed,fieldturf,,,00-0026498,00-0029604,Matthew Stafford,Kirk Cousins,Sean McVay,Raheem Morris,Clete Blakeman,ATL97,Mercedes-Benz Stadium
2025_18_NO_ATL,2025,REG,18,1/4/2026,Sunday,13:00,NO,17,ATL,19,Home,2,36,0,2026010400,60099,,202601040atl,28689,401772966,6990,7,6,170,-205,4.5,-115,-105,43.5,-112,-108,1,closed,fieldturf,,,00-0040743,00-0029604,Tyler Shough,Kirk Cousins,Kellen Moore,Raheem Morris,Ron Torbert,ATL97,Mercedes-Benz Stadium
2025_18_NYJ_BUF,2025,REG,18,1/4/2026,Sunday,16:25,NYJ,8,BUF,35,Home,27,43,0,2026010401,60100,,202601040buf,28674,401772967,6991,7,7,550,-800,12.5,-112,-108,39.5,-115,-105,1,outdoors,a_turf,27,13,00-0040398,00-0033869,Brady Cook,Mitchell Trubisky,Aaron Glenn,Sean McDermott,Alan Eck,BUF00,New Era Field
2025_18_DET_CHI,2025,REG,18,1/4/2026,Sunday,16:25,DET,19,CHI,16,Home,-3,35,0,2026010402,60101,,202601040chi,28675,401772965,6992,10,7,150,-180,3.5,-110,-110,51.5,-115,-105,1,outdoors,grass,33,4,00-0033106,00-0039918,Jared Goff,Caleb Williams,Dan Campbell,Ben Johnson,Brad Rogers,CHI98,Soldier Field
2025_18_CLE_CIN,2025,REG,18,1/4/2026,Sunday,13:00,CLE,20,CIN,18,Home,-2,38,0,2026010403,60102,,202601040cin,28676,401772964,6993,7,7,350,-455,9.5,-112,-108,47.5,-118,-102,1,outdoors,fieldturf,37,0,00-0040668,00-0036442,Shedeur Sanders,Joe Burrow,Kevin Stefanski,Zac Taylor,Alex Kemp,CIN00,Paycor Stadium
2025_18_LAC_DEN,2025,REG,18,1/4/2026,Sunday,16:25,LAC,3,DEN,19,Home,16,22,0,2026010404,60103,,202601040den,28677,401772956,6994,8,10,900,-1600,14.5,-108,-112,37.5,-105,-115,1,outdoors,grass,66,8,00-0037012,00-0039732,Trey Lance,Bo Nix,Jim Harbaugh,Sean Payton,Clete Blakeman,DEN00,Empower Field at Mile High
2025_18_IND_HOU,2025,REG,18,1/4/2026,Sunday,13:00,IND,30,HOU,38,Home,8,68,0,2026010405,60104,,202601040htx,28678,401772962,6995,7,8,400,-535,9.5,-110,-110,37.5,-108,-112,1,closed,astroturf,,,00-0040206,00-0039163,Riley Leonard,C.J. Stroud,Shane Steichen,DeMeco Ryans,Land Clark,HOU00,NRG Stadium
2025_18_TEN_JAX,2025,REG,18,1/4/2026,Sunday,13:00,TEN,7,JAX,41,Home,34,48,0,2026010406,60105,,202601040jax,28679,401772970,6996,7,7,525,-750,12.5,-110,-110,46.5,-112,-108,1,outdoors,grass,55,8,00-0040676,00-0036971,Cam Ward,Trevor Lawrence,Brian Callahan,Liam Coen,Scott Novak,JAX00,TIAA Bank Stadium
2025_18_ARI_LA,2025,REG,18,1/4/2026,Sunday,16:25,ARI,20,LA,37,Home,17,57,0,2026010407,60106,,202601040ram,28681,401772955,6997,7,6,800,-1350,14.5,-115,-105,49.5,-108,-112,1,dome,matrixturf,,,00-0033119,00-0026498,Jacoby Brissett,Matthew Stafford,Jonathan Gannon,Sean McVay,Carl Cheffers,LAX01,SoFi Stadium
2025_18_KC_LV,2025,REG,18,1/4/2026,Sunday,16:25,KC,12,LV,14,Home,2,26,0,2026010408,60107,,202601040rai,28680,401772957,6998,10,7,-225,185,-3.5,-112,-108,36.5,-118,-102,1,dome,grass,,,00-0037324,00-0038102,Chris Oladokun,Kenny Pickett,Andy Reid,Pete Carroll,Craig Wrolstad,VEG00,Allegiant Stadium
2025_18_GB_MIN,2025,REG,18,1/4/2026,Sunday,13:00,GB,3,MIN,16,Home,13,19,0,2026010409,60108,,202601040min,28682,401772968,6999,8,10,470,-650,12.5,-108,-112,37.5,-118,-102,1,dome,sportturf,,,00-0038582,00-0039923,Clayton Tune,J.J. McCarthy,Matt LaFleur,Kevin O'Connell,John Hussey,MIN01,U.S. Bank Stadium
2025_18_MIA_NE,2025,REG,18,1/4/2026,Sunday,16:25,MIA,10,NE,38,Home,28,48,0,2026010410,60109,,202601040nwe,28683,401772958,7000,7,7,650,-1000,14,-112,-108,44.5,-112,-108,1,outdoors,fieldturf,29,6,00-0040234,00-0039851,Quinn Ewers,Drake Maye,Mike McDaniel,Mike Vrabel,Clay Martin,BOS00,Gillette Stadium
2025_18_DAL_NYG,2025,REG,18,1/4/2026,Sunday,13:00,DAL,17,NYG,34,Home,17,51,0,2026010411,60110,,202601040nyg,28684,401772963,7001,10,7,-166,140,-3,-115,-105,50.5,-115,-105,1,outdoors,fieldturf,33,7,00-0033077,00-0040691,Dak Prescott,Jaxson Dart,Brian Schottenheimer,Brian Daboll,Adrian Hill,NYC01,MetLife Stadium
2025_18_WAS_PHI,2025,REG,18,1/4/2026,Sunday,16:25,WAS,24,PHI,17,Home,-7,41,0,2026010412,60111,,202601040phi,28685,401772959,7002,10,7,150,-180,3,-105,-115,38.5,-108,-112,1,outdoors,grass,35,9,00-0026300,00-0038400,Josh Johnson,Tanner McKee,Dan Quinn,Nick Sirianni,Shawn Hochuli,PHI00,Lincoln Financial Field
2025_18_BAL_PIT,2025,REG,18,1/4/2026,Sunday,20:20,BAL,24,PIT,26,Home,2,50,0,2026010413,60112,,202601040pit,28686,401772960,7003,8,7,-225,185,-4.5,-105,-115,41.5,-110,-110,1,outdoors,grass,25,3,00-0034796,00-0023459,Lamar Jackson,Aaron Rodgers,John Harbaugh,Mike Tomlin,Shawn Smith,PIT00,Acrisure Stadium
2025_18_SEA_SF,2025,REG,18,1/3/2026,Saturday,20:00,SEA,13,SF,3,Home,-10,16,0,2026010301,60113,,202601030sfo,28687,401772961,7004,6,6,-148,124,-2.5,-120,100,47.5,-105,-115,1,outdoors,grass,57,8,00-0034869,00-0037834,Sam Darnold,Brock Purdy,Mike Macdonald,Kyle Shanahan,Bill Vinovich,SFO01,Levi's Stadium
2025_18_CAR_TB,2025,REG,18,1/3/2026,Saturday,16:30,CAR,14,TB,16,Home,2,30,0,2026010300,60114,,202601030tam,28688,401772969,7005,6,6,130,-155,3,-115,-105,43.5,-118,-102,1,outdoors,grass,69,11,00-0039150,00-0034855,Bryce Young,Baker Mayfield,Dave Canales,Todd Bowles,Brad Allen,TAM00,Raymond James Stadium
2025_19_GB_CHI,2025,WC,19,1/10/2026,Saturday,20:00,GB,27,CHI,31,Home,4,58,0,2026011001,60165,,202601100chi,,401772981,7007,6,6,-135,114,-2.5,-108,-112,45.5,-115,-105,1,outdoors,grass,32,6,00-0036264,00-0039918,Jordan Love,Caleb Williams,Matt LaFleur,Ben Johnson,Adrian Hill,CHI98,Soldier Field
2025_19_BUF_JAX,2025,WC,19,1/11/2026,Sunday,13:00,BUF,27,JAX,24,Home,-3,51,0,2026011100,60166,,202601110jax,,401772977,7008,7,7,102,-122,1.5,-110,-110,51.5,-112,-108,0,outdoors,grass,62,6,00-0034857,00-0036971,Josh Allen,Trevor Lawrence,Sean McDermott,Liam Coen,Brad Allen,JAX00,TIAA Bank Stadium
2025_19_SF_PHI,2025,WC,19,1/11/2026,Sunday,16:30,SF,23,PHI,19,Home,-4,42,0,2026011101,60167,,202601110phi,,401772980,7009,8,7,215,-265,6,-115,-105,44.5,-115,-105,0,outdoors,grass,46,22,00-0037834,00-0036389,Brock Purdy,Jalen Hurts,Kyle Shanahan,Nick Sirianni,Alan Eck,PHI00,Lincoln Financial Field
2025_19_LAC_NE,2025,WC,19,1/11/2026,Sunday,20:00,LAC,3,NE,16,Home,13,19,0,2026011102,60168,,202601110nwe,,401772978,7010,7,7,164,-198,3.5,-105,-115,45.5,-108,-112,0,outdoors,fieldturf,35,10,00-0036355,00-0039851,Justin Herbert,Drake Maye,Jim Harbaugh,Mike Vrabel,Ron Torbert,BOS00,Gillette Stadium
2025_19_HOU_PIT,2025,WC,19,1/12/2026,Monday,20:00,HOU,30,PIT,6,Home,-24,36,0,2026011200,60169,,202601120pit,,401772976,7011,8,8,-155,130,-3,-105,-115,38.5,-115,-105,0,outdoors,grass,32,9,00-0039163,00-0023459,C.J. Stroud,Aaron Rodgers,DeMeco Ryans,Mike Tomlin,Craig Wrolstad,PIT00,Acrisure Stadium
2025_19_LA_CAR,2025,WC,19,1/10/2026,Saturday,16:30,LA,34,CAR,31,Home,-3,65,0,2026011000,60164,,202601100car,,401772979,7006,6,7,-550,410,-10,-108,-112,44.5,-108,-112,0,outdoors,grass,72,16,00-0026498,00-0039150,Matthew Stafford,Bryce Young,Sean McVay,Dave Canales,Clete Blakeman,CAR00,Bank of America Stadium
2025_20_BUF_DEN,2025,DIV,20,1/17/2026,Saturday,16:30,BUF,30,DEN,33,Home,3,63,1,2026011700,60170,,202601170den,,401772982,,6,13,100,-120,1.5,-112,-108,45.5,-112,-108,0,outdoors,grass,36,5,00-0034857,00-0039732,Josh Allen,Bo Nix,Sean McDermott,Sean Payton,Carl Cheffers,DEN00,Empower Field at Mile High
2025_20_SF_SEA,2025,DIV,20,1/17/2026,Saturday,20:00,SF,6,SEA,41,Home,35,47,0,2026011701,60171,,202601170sea,,401772984,,6,14,245,-305,6.5,-102,-118,44.5,-118,-102,1,outdoors,fieldturf,46,5,00-0037834,00-0034869,Brock Purdy,Sam Darnold,Kyle Shanahan,Mike Macdonald,John Hussey,SEA00,Lumen Field
2025_20_LA_CHI,2025,DIV,20,1/18/2026,Sunday,18:30,LA,20,CHI,17,Home,-3,37,1,2026011800,60172,,202601180chi,,401772985,,8,8,-205,170,-3.5,-118,-102,49.5,-110,-110,0,outdoors,grass,19,6,00-0026498,00-0039918,Matthew Stafford,Caleb Williams,Sean McVay,Ben Johnson,Shawn Hochuli,CHI98,Soldier Field
2025_20_HOU_NE,2025,DIV,20,1/18/2026,Sunday,15:00,HOU,16,NE,28,Home,12,44,0,2026011801,60173,,202601180nwe,,401772983,,6,7,150,-180,3,102,-122,40.5,-105,-115,0,outdoors,fieldturf,35,2,00-0039163,00-0039851,C.J. Stroud,Drake Maye,DeMeco Ryans,Mike Vrabel,Shawn Smith,BOS00,Gillette Stadium
2025_21_NE_DEN,2025,CON,21,1/25/2026,Sunday,15:00,NE,10,DEN,7,Home,-3,17,0,2026012500,60174,,202601250den,,401772986,,7,8,-205,170,-3.5,-115,-105,43.5,-118,-102,0,outdoors,grass,26,10,00-0039851,00-0035264,Drake Maye,Jarrett Stidham,Mike Vrabel,Sean Payton,Alex Kemp,DEN00,Empower Field at Mile High
2025_21_LA_SEA,2025,CON,21,1/25/2026,Sunday,18:30,LA,27,SEA,31,Home,4,58,0,2026012501,60175,,202601250sea,,401772987,,7,8,120,-142,2.5,-115,-105,45.5,-105,-115,1,outdoors,fieldturf,41,2,00-0026498,00-0034869,Matthew Stafford,Sam Darnold,Sean McVay,Mike Macdonald,Clay Martin,SEA00,Lumen Field
2025_22_SEA_NE,2025,SB,22,2/8/2026,Sunday,18:30,SEA,29,NE,13,Neutral,-16,42,0,2026020800,60176,,202602080nwe,,401772988,,14,14,-238,195,-4.5,-115,-105,45.5,-115,-105,0,outdoors,grass,67,7,00-0034869,00-0039851,Sam Darnold,Drake Maye,Mike Macdonald,Mike Vrabel,Shawn Smith,SFO01,Levi's Stadium
